Attempt #,Guess
1,a
2,b
3,c
4,d
5,e
6,f
7,g
8,h
9,i
10,j
11,k
12,l
13,m
14,n
15,o
16,p
17,q
18,r
19,s
20,t
21,u
22,v
23,w
24,x
25,y
26,z
27,A
28,B
29,C
30,D
31,E
32,F
33,G
34,H
35,I
36,J
37,K
38,L
39,M
40,N
41,O
42,P
43,Q
44,R
45,S
46,T
47,U
48,V
49,W
50,X
51,Y
52,Z
53,0
54,1
55,2
56,3
57,4
58,5
59,6
60,7
61,8
62,9
63,!
64,@
65,#
66,$
67,%
68,^
69,&
70,*
71,(
72,)
73,_
74,+
75,-
76,=
77,[
78,]
79,{
80,}
81,|
82,;
83,'
84,:
85,,
86,.
87,<
88,>
89,?
90,aa
91,ab
92,ac
93,ad
94,ae
95,af
96,ag
97,ah
98,ai
99,aj
100,ak
101,al
102,am
103,an
104,ao
105,ap
106,aq
107,ar
108,as
109,at
110,au
111,av
112,aw
113,ax
114,ay
115,az
116,aA
117,aB
118,aC
119,aD
120,aE
121,aF
122,aG
123,aH
124,aI
125,aJ
126,aK
127,aL
128,aM
129,aN
130,aO
131,aP
132,aQ
133,aR
134,aS
135,aT
136,aU
137,aV
138,aW
139,aX
140,aY
141,aZ
142,a0
143,a1
144,a2
145,a3
146,a4
147,a5
148,a6
149,a7
150,a8
151,a9
152,a!
153,a@
154,a#
155,a$
156,a%
157,a^
158,a&
159,a*
160,a(
161,a)
162,a_
163,a+
164,a-
165,a=
166,a[
167,a]
168,a{
169,a}
170,a|
171,a;
172,a'
173,a:
174,a,
175,a.
176,a<
177,a>
178,a?
179,ba
180,bb
181,bc
182,bd
183,be
184,bf
185,bg
186,bh
187,bi
188,bj
189,bk
190,bl
191,bm
192,bn
193,bo
194,bp
195,bq
196,br
197,bs
198,bt
199,bu
200,bv
201,bw
202,bx
203,by
204,bz
205,bA
206,bB
207,bC
208,bD
209,bE
210,bF
211,bG
212,bH
213,bI
214,bJ
215,bK
216,bL
217,bM
218,bN
219,bO
220,bP
221,bQ
222,bR
223,bS
224,bT
225,bU
226,bV
227,bW
228,bX
229,bY
230,bZ
231,b0
232,b1
233,b2
234,b3
235,b4
236,b5
237,b6
238,b7
239,b8
240,b9
241,b!
242,b@
243,b#
244,b$
245,b%
246,b^
247,b&
248,b*
249,b(
250,b)
251,b_
252,b+
253,b-
254,b=
255,b[
256,b]
257,b{
258,b}
259,b|
260,b;
261,b'
262,b:
263,b,
264,b.
265,b<
266,b>
267,b?
268,ca
269,cb
270,cc
271,cd
272,ce
273,cf
274,cg
275,ch
276,ci
277,cj
278,ck
279,cl
280,cm
281,cn
282,co
283,cp
284,cq
285,cr
286,cs
287,ct
288,cu
289,cv
290,cw
291,cx
292,cy
293,cz
294,cA
295,cB
296,cC
297,cD
298,cE
299,cF
300,cG
301,cH
302,cI
303,cJ
304,cK
305,cL
306,cM
307,cN
308,cO
309,cP
310,cQ
311,cR
312,cS
313,cT
314,cU
315,cV
316,cW
317,cX
318,cY
319,cZ
320,c0
321,c1
322,c2
323,c3
324,c4
325,c5
326,c6
327,c7
328,c8
329,c9
330,c!
331,c@
332,c#
333,c$
334,c%
335,c^
336,c&
337,c*
338,c(
339,c)
340,c_
341,c+
342,c-
343,c=
344,c[
345,c]
346,c{
347,c}
348,c|
349,c;
350,c'
351,c:
352,c,
353,c.
354,c<
355,c>
356,c?
357,da
358,db
359,dc
360,dd
361,de
362,df
363,dg
364,dh
365,di
366,dj
367,dk
368,dl
369,dm
370,dn
371,do
372,dp
373,dq
374,dr
375,ds
376,dt
377,du
378,dv
379,dw
380,dx
381,dy
382,dz
383,dA
384,dB
385,dC
386,dD
387,dE
388,dF
389,dG
390,dH
391,dI
392,dJ
393,dK
394,dL
395,dM
396,dN
397,dO
398,dP
399,dQ
400,dR
401,dS
402,dT
403,dU
404,dV
405,dW
406,dX
407,dY
408,dZ
409,d0
410,d1
411,d2
412,d3
413,d4
414,d5
415,d6
416,d7
417,d8
418,d9
419,d!
420,d@
421,d#
422,d$
423,d%
424,d^
425,d&
426,d*
427,d(
428,d)
429,d_
430,d+
431,d-
432,d=
433,d[
434,d]
435,d{
436,d}
437,d|
438,d;
439,d'
440,d:
441,d,
442,d.
443,d<
444,d>
445,d?
446,ea
447,eb
448,ec
449,ed
450,ee
451,ef
452,eg
453,eh
454,ei
455,ej
456,ek
457,el
458,em
459,en
460,eo
461,ep
462,eq
463,er
464,es
465,et
466,eu
467,ev
468,ew
469,ex
470,ey
471,ez
472,eA
473,eB
474,eC
475,eD
476,eE
477,eF
478,eG
479,eH
480,eI
481,eJ
482,eK
483,eL
484,eM
485,eN
486,eO
487,eP
488,eQ
489,eR
490,eS
491,eT
492,eU
493,eV
494,eW
495,eX
496,eY
497,eZ
498,e0
499,e1
500,e2
501,e3
502,e4
503,e5
504,e6
505,e7
506,e8
507,e9
508,e!
509,e@
510,e#
511,e$
512,e%
513,e^
514,e&
515,e*
516,e(
517,e)
518,e_
519,e+
520,e-
521,e=
522,e[
523,e]
524,e{
525,e}
526,e|
527,e;
528,e'
529,e:
530,e,
531,e.
532,e<
533,e>
534,e?
535,fa
536,fb
537,fc
538,fd
539,fe
540,ff
541,fg
542,fh
543,fi
544,fj
545,fk
546,fl
547,fm
548,fn
549,fo
550,fp
551,fq
552,fr
553,fs
554,ft
555,fu
556,fv
557,fw
558,fx
559,fy
560,fz
561,fA
562,fB
563,fC
564,fD
565,fE
566,fF
567,fG
568,fH
569,fI
570,fJ
571,fK
572,fL
573,fM
574,fN
575,fO
576,fP
577,fQ
578,fR
579,fS
580,fT
581,fU
582,fV
583,fW
584,fX
585,fY
586,fZ
587,f0
588,f1
589,f2
590,f3
591,f4
592,f5
593,f6
594,f7
595,f8
596,f9
597,f!
598,f@
599,f#
600,f$
601,f%
602,f^
603,f&
604,f*
605,f(
606,f)
607,f_
608,f+
609,f-
610,f=
611,f[
612,f]
613,f{
614,f}
615,f|
616,f;
617,f'
618,f:
619,f,
620,f.
621,f<
622,f>
623,f?
624,ga
625,gb
626,gc
627,gd
628,ge
629,gf
630,gg
631,gh
632,gi
633,gj
634,gk
635,gl
636,gm
637,gn
638,go
639,gp
640,gq
641,gr
642,gs
643,gt
644,gu
645,gv
646,gw
647,gx
648,gy
649,gz
650,gA
651,gB
652,gC
653,gD
654,gE
655,gF
656,gG
657,gH
658,gI
659,gJ
660,gK
661,gL
662,gM
663,gN
664,gO
665,gP
666,gQ
667,gR
668,gS
669,gT
670,gU
671,gV
672,gW
673,gX
674,gY
675,gZ
676,g0
677,g1
678,g2
679,g3
680,g4
681,g5
682,g6
683,g7
684,g8
685,g9
686,g!
687,g@
688,g#
689,g$
690,g%
691,g^
692,g&
693,g*
694,g(
695,g)
696,g_
697,g+
698,g-
699,g=
700,g[
701,g]
702,g{
703,g}
704,g|
705,g;
706,g'
707,g:
708,g,
709,g.
710,g<
711,g>
712,g?
713,ha
714,hb
715,hc
716,hd
717,he
718,hf
719,hg
720,hh
721,hi
722,hj
723,hk
724,hl
725,hm
726,hn
727,ho
728,hp
729,hq
730,hr
731,hs
732,ht
733,hu
734,hv
735,hw
736,hx
737,hy
738,hz
739,hA
740,hB
741,hC
742,hD
743,hE
744,hF
745,hG
746,hH
747,hI
748,hJ
749,hK
750,hL
751,hM
752,hN
753,hO
754,hP
755,hQ
756,hR
757,hS
758,hT
759,hU
760,hV
761,hW
762,hX
763,hY
764,hZ
765,h0
766,h1
767,h2
768,h3
769,h4
770,h5
771,h6
772,h7
773,h8
774,h9
775,h!
776,h@
777,h#
778,h$
779,h%
780,h^
781,h&
782,h*
783,h(
784,h)
785,h_
786,h+
787,h-
788,h=
789,h[
790,h]
791,h{
792,h}
793,h|
794,h;
795,h'
796,h:
797,h,
798,h.
799,h<
800,h>
801,h?
802,ia
803,ib
804,ic
805,id
806,ie
807,if
808,ig
809,ih
810,ii
811,ij
812,ik
813,il
814,im
815,in
816,io
817,ip
818,iq
819,ir
820,is
821,it
822,iu
823,iv
824,iw
825,ix
826,iy
827,iz
828,iA
829,iB
830,iC
831,iD
832,iE
833,iF
834,iG
835,iH
836,iI
837,iJ
838,iK
839,iL
840,iM
841,iN
842,iO
843,iP
844,iQ
845,iR
846,iS
847,iT
848,iU
849,iV
850,iW
851,iX
852,iY
853,iZ
854,i0
855,i1
856,i2
857,i3
858,i4
859,i5
860,i6
861,i7
862,i8
863,i9
864,i!
865,i@
866,i#
867,i$
868,i%
869,i^
870,i&
871,i*
872,i(
873,i)
874,i_
875,i+
876,i-
877,i=
878,i[
879,i]
880,i{
881,i}
882,i|
883,i;
884,i'
885,i:
886,i,
887,i.
888,i<
889,i>
890,i?
891,ja
892,jb
893,jc
894,jd
895,je
896,jf
897,jg
898,jh
899,ji
900,jj
901,jk
902,jl
903,jm
904,jn
905,jo
906,jp
907,jq
908,jr
909,js
910,jt
911,ju
912,jv
913,jw
914,jx
915,jy
916,jz
917,jA
918,jB
919,jC
920,jD
921,jE
922,jF
923,jG
924,jH
925,jI
926,jJ
927,jK
928,jL
929,jM
930,jN
931,jO
932,jP
933,jQ
934,jR
935,jS
936,jT
937,jU
938,jV
939,jW
940,jX
941,jY
942,jZ
943,j0
944,j1
945,j2
946,j3
947,j4
948,j5
949,j6
950,j7
951,j8
952,j9
953,j!
954,j@
955,j#
956,j$
957,j%
958,j^
959,j&
960,j*
961,j(
962,j)
963,j_
964,j+
965,j-
966,j=
967,j[
968,j]
969,j{
970,j}
971,j|
972,j;
973,j'
974,j:
975,j,
976,j.
977,j<
978,j>
979,j?
980,ka
981,kb
982,kc
983,kd
984,ke
985,kf
986,kg
987,kh
988,ki
989,kj
990,kk
991,kl
992,km
993,kn
994,ko
995,kp
996,kq
997,kr
998,ks
999,kt
1000,ku
1001,kv
1002,kw
1003,kx
1004,ky
1005,kz
1006,kA
1007,kB
1008,kC
1009,kD
1010,kE
1011,kF
1012,kG
1013,kH
1014,kI
1015,kJ
1016,kK
1017,kL
1018,kM
1019,kN
1020,kO
1021,kP
1022,kQ
1023,kR
1024,kS
1025,kT
1026,kU
1027,kV
1028,kW
1029,kX
1030,kY
1031,kZ
1032,k0
1033,k1
1034,k2
1035,k3
1036,k4
1037,k5
1038,k6
1039,k7
1040,k8
1041,k9
1042,k!
1043,k@
1044,k#
1045,k$
1046,k%
1047,k^
1048,k&
1049,k*
1050,k(
1051,k)
1052,k_
1053,k+
1054,k-
1055,k=
1056,k[
1057,k]
1058,k{
1059,k}
1060,k|
1061,k;
1062,k'
1063,k:
1064,k,
1065,k.
1066,k<
1067,k>
1068,k?
1069,la
1070,lb
1071,lc
1072,ld
1073,le
1074,lf
1075,lg
1076,lh
1077,li
1078,lj
1079,lk
1080,ll
1081,lm
1082,ln
1083,lo
1084,lp
1085,lq
1086,lr
1087,ls
1088,lt
1089,lu
1090,lv
1091,lw
1092,lx
1093,ly
1094,lz
1095,lA
1096,lB
1097,lC
1098,lD
1099,lE
1100,lF
1101,lG
1102,lH
1103,lI
1104,lJ
1105,lK
1106,lL
1107,lM
1108,lN
1109,lO
1110,lP
1111,lQ
1112,lR
1113,lS
1114,lT
1115,lU
1116,lV
1117,lW
1118,lX
1119,lY
1120,lZ
1121,l0
1122,l1
1123,l2
1124,l3
1125,l4
1126,l5
1127,l6
1128,l7
1129,l8
1130,l9
1131,l!
1132,l@
1133,l#
1134,l$
1135,l%
1136,l^
1137,l&
1138,l*
1139,l(
1140,l)
1141,l_
1142,l+
1143,l-
1144,l=
1145,l[
1146,l]
1147,l{
1148,l}
1149,l|
1150,l;
1151,l'
1152,l:
1153,l,
1154,l.
1155,l<
1156,l>
1157,l?
1158,ma
1159,mb
1160,mc
1161,md
1162,me
1163,mf
1164,mg
1165,mh
1166,mi
1167,mj
1168,mk
1169,ml
1170,mm
1171,mn
1172,mo
1173,mp
1174,mq
1175,mr
1176,ms
1177,mt
1178,mu
1179,mv
1180,mw
1181,mx
1182,my
1183,mz
1184,mA
1185,mB
1186,mC
1187,mD
1188,mE
1189,mF
1190,mG
1191,mH
1192,mI
1193,mJ
1194,mK
1195,mL
1196,mM
1197,mN
1198,mO
1199,mP
1200,mQ
1201,mR
1202,mS
1203,mT
1204,mU
1205,mV
1206,mW
1207,mX
1208,mY
1209,mZ
1210,m0
1211,m1
1212,m2
1213,m3
1214,m4
1215,m5
1216,m6
1217,m7
1218,m8
1219,m9
1220,m!
1221,m@
1222,m#
1223,m$
1224,m%
1225,m^
1226,m&
1227,m*
1228,m(
1229,m)
1230,m_
1231,m+
1232,m-
1233,m=
1234,m[
1235,m]
1236,m{
1237,m}
1238,m|
1239,m;
1240,m'
1241,m:
1242,m,
1243,m.
1244,m<
1245,m>
1246,m?
1247,na
1248,nb
1249,nc
1250,nd
1251,ne
1252,nf
1253,ng
1254,nh
1255,ni
1256,nj
1257,nk
1258,nl
1259,nm
1260,nn
1261,no
1262,np
1263,nq
1264,nr
1265,ns
1266,nt
1267,nu
1268,nv
1269,nw
1270,nx
1271,ny
1272,nz
1273,nA
1274,nB
1275,nC
1276,nD
1277,nE
1278,nF
1279,nG
1280,nH
1281,nI
1282,nJ
1283,nK
1284,nL
1285,nM
1286,nN
1287,nO
1288,nP
1289,nQ
1290,nR
1291,nS
1292,nT
1293,nU
1294,nV
1295,nW
1296,nX
1297,nY
1298,nZ
1299,n0
1300,n1
1301,n2
1302,n3
1303,n4
1304,n5
1305,n6
1306,n7
1307,n8
1308,n9
1309,n!
1310,n@
1311,n#
1312,n$
1313,n%
1314,n^
1315,n&
1316,n*
1317,n(
1318,n)
1319,n_
1320,n+
1321,n-
1322,n=
1323,n[
1324,n]
1325,n{
1326,n}
1327,n|
1328,n;
1329,n'
1330,n:
1331,n,
1332,n.
1333,n<
1334,n>
1335,n?
1336,oa
1337,ob
1338,oc
1339,od
1340,oe
1341,of
1342,og
1343,oh
1344,oi
1345,oj
1346,ok
1347,ol
1348,om
1349,on
1350,oo
1351,op
1352,oq
1353,or
1354,os
1355,ot
1356,ou
1357,ov
1358,ow
1359,ox
1360,oy
1361,oz
1362,oA
1363,oB
1364,oC
1365,oD
1366,oE
1367,oF
1368,oG
1369,oH
1370,oI
1371,oJ
1372,oK
1373,oL
1374,oM
1375,oN
1376,oO
1377,oP
1378,oQ
1379,oR
1380,oS
1381,oT
1382,oU
1383,oV
1384,oW
1385,oX
1386,oY
1387,oZ
1388,o0
1389,o1
1390,o2
1391,o3
1392,o4
1393,o5
1394,o6
1395,o7
1396,o8
1397,o9
1398,o!
1399,o@
1400,o#
1401,o$
1402,o%
1403,o^
1404,o&
1405,o*
1406,o(
1407,o)
1408,o_
1409,o+
1410,o-
1411,o=
1412,o[
1413,o]
1414,o{
1415,o}
1416,o|
1417,o;
1418,o'
1419,o:
1420,o,
1421,o.
1422,o<
1423,o>
1424,o?
1425,pa
1426,pb
1427,pc
1428,pd
1429,pe
1430,pf
1431,pg
1432,ph
1433,pi
1434,pj
1435,pk
1436,pl
1437,pm
1438,pn
1439,po
1440,pp
1441,pq
1442,pr
1443,ps
1444,pt
1445,pu
1446,pv
1447,pw
1448,px
1449,py
1450,pz
1451,pA
1452,pB
1453,pC
1454,pD
1455,pE
1456,pF
1457,pG
1458,pH
1459,pI
1460,pJ
1461,pK
1462,pL
1463,pM
1464,pN
1465,pO
1466,pP
1467,pQ
1468,pR
1469,pS
1470,pT
1471,pU
1472,pV
1473,pW
1474,pX
1475,pY
1476,pZ
1477,p0
1478,p1
1479,p2
1480,p3
1481,p4
1482,p5
1483,p6
1484,p7
1485,p8
1486,p9
1487,p!
1488,p@
1489,p#
1490,p$
1491,p%
1492,p^
1493,p&
1494,p*
1495,p(
1496,p)
1497,p_
1498,p+
1499,p-
1500,p=
1501,p[
1502,p]
1503,p{
1504,p}
1505,p|
1506,p;
1507,p'
1508,p:
1509,p,
1510,p.
1511,p<
1512,p>
1513,p?
1514,qa
1515,qb
1516,qc
1517,qd
1518,qe
1519,qf
1520,qg
1521,qh
1522,qi
1523,qj
1524,qk
1525,ql
1526,qm
1527,qn
1528,qo
1529,qp
1530,qq
1531,qr
1532,qs
1533,qt
1534,qu
1535,qv
1536,qw
1537,qx
1538,qy
1539,qz
1540,qA
1541,qB
1542,qC
1543,qD
1544,qE
1545,qF
1546,qG
1547,qH
1548,qI
1549,qJ
1550,qK
1551,qL
1552,qM
1553,qN
1554,qO
1555,qP
1556,qQ
1557,qR
1558,qS
1559,qT
1560,qU
1561,qV
1562,qW
1563,qX
1564,qY
1565,qZ
1566,q0
1567,q1
1568,q2
1569,q3
1570,q4
1571,q5
1572,q6
1573,q7
1574,q8
1575,q9
1576,q!
1577,q@
1578,q#
1579,q$
1580,q%
1581,q^
1582,q&
1583,q*
1584,q(
1585,q)
1586,q_
1587,q+
1588,q-
1589,q=
1590,q[
1591,q]
1592,q{
1593,q}
1594,q|
1595,q;
1596,q'
1597,q:
1598,q,
1599,q.
1600,q<
1601,q>
1602,q?
1603,ra
1604,rb
1605,rc
1606,rd
1607,re
1608,rf
1609,rg
1610,rh
1611,ri
1612,rj
1613,rk
1614,rl
1615,rm
1616,rn
1617,ro
1618,rp
1619,rq
1620,rr
1621,rs
1622,rt
1623,ru
1624,rv
1625,rw
1626,rx
1627,ry
1628,rz
1629,rA
1630,rB
1631,rC
1632,rD
1633,rE
1634,rF
1635,rG
1636,rH
1637,rI
1638,rJ
1639,rK
1640,rL
1641,rM
1642,rN
1643,rO
1644,rP
1645,rQ
1646,rR
1647,rS
1648,rT
1649,rU
1650,rV
1651,rW
1652,rX
1653,rY
1654,rZ
1655,r0
1656,r1
1657,r2
1658,r3
1659,r4
1660,r5
1661,r6
1662,r7
1663,r8
1664,r9
1665,r!
1666,r@
1667,r#
1668,r$
1669,r%
1670,r^
1671,r&
1672,r*
1673,r(
1674,r)
1675,r_
1676,r+
1677,r-
1678,r=
1679,r[
1680,r]
1681,r{
1682,r}
1683,r|
1684,r;
1685,r'
1686,r:
1687,r,
1688,r.
1689,r<
1690,r>
1691,r?
1692,sa
1693,sb
1694,sc
1695,sd
1696,se
1697,sf
1698,sg
1699,sh
1700,si
1701,sj
1702,sk
1703,sl
1704,sm
1705,sn
1706,so
1707,sp
1708,sq
1709,sr
1710,ss
1711,st
1712,su
1713,sv
1714,sw
1715,sx
1716,sy
1717,sz
1718,sA
1719,sB
1720,sC
1721,sD
1722,sE
1723,sF
1724,sG
1725,sH
1726,sI
1727,sJ
1728,sK
1729,sL
1730,sM
1731,sN
1732,sO
1733,sP
1734,sQ
1735,sR
1736,sS
1737,sT
1738,sU
1739,sV
1740,sW
1741,sX
1742,sY
1743,sZ
1744,s0
1745,s1
1746,s2
1747,s3
1748,s4
1749,s5
1750,s6
1751,s7
1752,s8
1753,s9
1754,s!
1755,s@
1756,s#
1757,s$
1758,s%
1759,s^
1760,s&
1761,s*
1762,s(
1763,s)
1764,s_
1765,s+
1766,s-
1767,s=
1768,s[
1769,s]
1770,s{
1771,s}
1772,s|
1773,s;
1774,s'
1775,s:
1776,s,
1777,s.
1778,s<
1779,s>
1780,s?
1781,ta
1782,tb
1783,tc
1784,td
1785,te
1786,tf
1787,tg
1788,th
1789,ti
1790,tj
1791,tk
1792,tl
1793,tm
1794,tn
1795,to
1796,tp
1797,tq
1798,tr
1799,ts
1800,tt
1801,tu
1802,tv
1803,tw
1804,tx
1805,ty
1806,tz
1807,tA
1808,tB
1809,tC
1810,tD
1811,tE
1812,tF
1813,tG
1814,tH
1815,tI
1816,tJ
1817,tK
1818,tL
1819,tM
1820,tN
1821,tO
1822,tP
1823,tQ
1824,tR
1825,tS
1826,tT
1827,tU
1828,tV
1829,tW
1830,tX
1831,tY
1832,tZ
1833,t0
1834,t1
1835,t2
1836,t3
1837,t4
1838,t5
1839,t6
1840,t7
1841,t8
1842,t9
1843,t!
1844,t@
1845,t#
1846,t$
1847,t%
1848,t^
1849,t&
1850,t*
1851,t(
1852,t)
1853,t_
1854,t+
1855,t-
1856,t=
1857,t[
1858,t]
1859,t{
1860,t}
1861,t|
1862,t;
1863,t'
1864,t:
1865,t,
1866,t.
1867,t<
1868,t>
1869,t?
1870,ua
1871,ub
1872,uc
1873,ud
1874,ue
1875,uf
1876,ug
1877,uh
1878,ui
1879,uj
1880,uk
1881,ul
1882,um
1883,un
1884,uo
1885,up
1886,uq
1887,ur
1888,us
1889,ut
1890,uu
1891,uv
1892,uw
1893,ux
1894,uy
1895,uz
1896,uA
1897,uB
1898,uC
1899,uD
1900,uE
1901,uF
1902,uG
1903,uH
1904,uI
1905,uJ
1906,uK
1907,uL
1908,uM
1909,uN
1910,uO
1911,uP
1912,uQ
1913,uR
1914,uS
1915,uT
1916,uU
1917,uV
1918,uW
1919,uX
1920,uY
1921,uZ
1922,u0
1923,u1
1924,u2
1925,u3
1926,u4
1927,u5
1928,u6
1929,u7
1930,u8
1931,u9
1932,u!
1933,u@
1934,u#
1935,u$
1936,u%
1937,u^
1938,u&
1939,u*
1940,u(
1941,u)
1942,u_
1943,u+
1944,u-
1945,u=
1946,u[
1947,u]
1948,u{
1949,u}
1950,u|
1951,u;
1952,u'
1953,u:
1954,u,
1955,u.
1956,u<
1957,u>
1958,u?
1959,va
1960,vb
1961,vc
1962,vd
1963,ve
1964,vf
1965,vg
1966,vh
1967,vi
1968,vj
1969,vk
1970,vl
1971,vm
1972,vn
1973,vo
1974,vp
1975,vq
1976,vr
1977,vs
1978,vt
1979,vu
1980,vv
1981,vw
1982,vx
1983,vy
1984,vz
1985,vA
1986,vB
1987,vC
1988,vD
1989,vE
1990,vF
1991,vG
1992,vH
1993,vI
1994,vJ
1995,vK
1996,vL
1997,vM
1998,vN
1999,vO
2000,vP
2001,vQ
2002,vR
2003,vS
2004,vT
2005,vU
2006,vV
2007,vW
2008,vX
2009,vY
2010,vZ
2011,v0
2012,v1
2013,v2
2014,v3
2015,v4
2016,v5
2017,v6
2018,v7
2019,v8
2020,v9
2021,v!
2022,v@
2023,v#
2024,v$
2025,v%
2026,v^
2027,v&
2028,v*
2029,v(
2030,v)
2031,v_
2032,v+
2033,v-
2034,v=
2035,v[
2036,v]
2037,v{
2038,v}
2039,v|
2040,v;
2041,v'
2042,v:
2043,v,
2044,v.
2045,v<
2046,v>
2047,v?
2048,wa
2049,wb
2050,wc
2051,wd
2052,we
2053,wf
2054,wg
2055,wh
2056,wi
2057,wj
2058,wk
2059,wl
2060,wm
2061,wn
2062,wo
2063,wp
2064,wq
2065,wr
2066,ws
2067,wt
2068,wu
2069,wv
2070,ww
2071,wx
2072,wy
2073,wz
2074,wA
2075,wB
2076,wC
2077,wD
2078,wE
2079,wF
2080,wG
2081,wH
2082,wI
2083,wJ
2084,wK
2085,wL
2086,wM
2087,wN
2088,wO
2089,wP
2090,wQ
2091,wR
2092,wS
2093,wT
2094,wU
2095,wV
2096,wW
2097,wX
2098,wY
2099,wZ
2100,w0
2101,w1
2102,w2
2103,w3
2104,w4
2105,w5
2106,w6
2107,w7
2108,w8
2109,w9
2110,w!
2111,w@
2112,w#
2113,w$
2114,w%
2115,w^
2116,w&
2117,w*
2118,w(
2119,w)
2120,w_
2121,w+
2122,w-
2123,w=
2124,w[
2125,w]
2126,w{
2127,w}
2128,w|
2129,w;
2130,w'
2131,w:
2132,w,
2133,w.
2134,w<
2135,w>
2136,w?
2137,xa
2138,xb
2139,xc
2140,xd
2141,xe
2142,xf
2143,xg
2144,xh
2145,xi
2146,xj
2147,xk
2148,xl
2149,xm
2150,xn
2151,xo
2152,xp
2153,xq
2154,xr
2155,xs
2156,xt
2157,xu
2158,xv
2159,xw
2160,xx
2161,xy
2162,xz
2163,xA
2164,xB
2165,xC
2166,xD
2167,xE
2168,xF
2169,xG
2170,xH
2171,xI
2172,xJ
2173,xK
2174,xL
2175,xM
2176,xN
2177,xO
2178,xP
2179,xQ
2180,xR
2181,xS
2182,xT
2183,xU
2184,xV
2185,xW
2186,xX
2187,xY
2188,xZ
2189,x0
2190,x1
2191,x2
2192,x3
2193,x4
2194,x5
2195,x6
2196,x7
2197,x8
2198,x9
2199,x!
2200,x@
2201,x#
2202,x$
2203,x%
2204,x^
2205,x&
2206,x*
2207,x(
2208,x)
2209,x_
2210,x+
2211,x-
2212,x=
2213,x[
2214,x]
2215,x{
2216,x}
2217,x|
2218,x;
2219,x'
2220,x:
2221,x,
2222,x.
2223,x<
2224,x>
2225,x?
2226,ya
2227,yb
2228,yc
2229,yd
2230,ye
2231,yf
2232,yg
2233,yh
2234,yi
2235,yj
2236,yk
2237,yl
2238,ym
2239,yn
2240,yo
2241,yp
2242,yq
2243,yr
2244,ys
2245,yt
2246,yu
2247,yv
2248,yw
2249,yx
2250,yy
2251,yz
2252,yA
2253,yB
2254,yC
2255,yD
2256,yE
2257,yF
2258,yG
2259,yH
2260,yI
2261,yJ
2262,yK
2263,yL
2264,yM
2265,yN
2266,yO
2267,yP
2268,yQ
2269,yR
2270,yS
2271,yT
2272,yU
2273,yV
2274,yW
2275,yX
2276,yY
2277,yZ
2278,y0
2279,y1
2280,y2
2281,y3
2282,y4
2283,y5
2284,y6
2285,y7
2286,y8
2287,y9
2288,y!
2289,y@
2290,y#
2291,y$
2292,y%
2293,y^
2294,y&
2295,y*
2296,y(
2297,y)
2298,y_
2299,y+
2300,y-
2301,y=
2302,y[
2303,y]
2304,y{
2305,y}
2306,y|
2307,y;
2308,y'
2309,y:
2310,y,
2311,y.
2312,y<
2313,y>
2314,y?
2315,za
2316,zb
2317,zc
2318,zd
2319,ze
2320,zf
2321,zg
2322,zh
2323,zi
2324,zj
2325,zk
2326,zl
2327,zm
2328,zn
2329,zo
2330,zp
2331,zq
2332,zr
2333,zs
2334,zt
2335,zu
2336,zv
2337,zw
2338,zx
2339,zy
2340,zz
2341,zA
2342,zB
2343,zC
2344,zD
2345,zE
2346,zF
2347,zG
2348,zH
2349,zI
2350,zJ
2351,zK
2352,zL
2353,zM
2354,zN
2355,zO
2356,zP
2357,zQ
2358,zR
2359,zS
2360,zT
2361,zU
2362,zV
2363,zW
2364,zX
2365,zY
2366,zZ
2367,z0
2368,z1
2369,z2
2370,z3
2371,z4
2372,z5
2373,z6
2374,z7
2375,z8
2376,z9
2377,z!
2378,z@
2379,z#
2380,z$
2381,z%
2382,z^
2383,z&
2384,z*
2385,z(
2386,z)
2387,z_
2388,z+
2389,z-
2390,z=
2391,z[
2392,z]
2393,z{
2394,z}
2395,z|
2396,z;
2397,z'
2398,z:
2399,z,
2400,z.
2401,z<
2402,z>
2403,z?
2404,Aa
2405,Ab
2406,Ac
2407,Ad
2408,Ae
2409,Af
2410,Ag
2411,Ah
2412,Ai
2413,Aj
2414,Ak
2415,Al
2416,Am
2417,An
2418,Ao
2419,Ap
2420,Aq
2421,Ar
2422,As
2423,At
2424,Au
2425,Av
2426,Aw
2427,Ax
2428,Ay
2429,Az
2430,AA
2431,AB
2432,AC
2433,AD
2434,AE
2435,AF
2436,AG
2437,AH
2438,AI
2439,AJ
2440,AK
2441,AL
2442,AM
2443,AN
2444,AO
2445,AP
2446,AQ
2447,AR
2448,AS
2449,AT
2450,AU
2451,AV
2452,AW
2453,AX
2454,AY
2455,AZ
2456,A0
2457,A1
2458,A2
2459,A3
2460,A4
2461,A5
2462,A6
2463,A7
2464,A8
2465,A9
2466,A!
2467,A@
2468,A#
2469,A$
2470,A%
2471,A^
2472,A&
2473,A*
2474,A(
2475,A)
2476,A_
2477,A+
2478,A-
2479,A=
2480,A[
2481,A]
2482,A{
2483,A}
2484,A|
2485,A;
2486,A'
2487,A:
2488,A,
2489,A.
2490,A<
2491,A>
2492,A?
2493,Ba
2494,Bb
2495,Bc
2496,Bd
2497,Be
2498,Bf
2499,Bg
2500,Bh
2501,Bi
2502,Bj
2503,Bk
2504,Bl
2505,Bm
2506,Bn
2507,Bo
2508,Bp
2509,Bq
2510,Br
2511,Bs
2512,Bt
2513,Bu
2514,Bv
2515,Bw
2516,Bx
2517,By
2518,Bz
2519,BA
2520,BB
2521,BC
2522,BD
2523,BE
2524,BF
2525,BG
2526,BH
2527,BI
2528,BJ
2529,BK
2530,BL
2531,BM
2532,BN
2533,BO
2534,BP
2535,BQ
2536,BR
2537,BS
2538,BT
2539,BU
2540,BV
2541,BW
2542,BX
2543,BY
2544,BZ
2545,B0
2546,B1
2547,B2
2548,B3
2549,B4
2550,B5
2551,B6
2552,B7
2553,B8
2554,B9
2555,B!
2556,B@
2557,B#
2558,B$
2559,B%
2560,B^
2561,B&
2562,B*
2563,B(
2564,B)
2565,B_
2566,B+
2567,B-
2568,B=
2569,B[
2570,B]
2571,B{
2572,B}
2573,B|
2574,B;
2575,B'
2576,B:
2577,B,
2578,B.
2579,B<
2580,B>
2581,B?
2582,Ca
2583,Cb
2584,Cc
2585,Cd
2586,Ce
2587,Cf
2588,Cg
2589,Ch
2590,Ci
2591,Cj
2592,Ck
2593,Cl
2594,Cm
2595,Cn
2596,Co
2597,Cp
2598,Cq
2599,Cr
2600,Cs
2601,Ct
2602,Cu
2603,Cv
2604,Cw
2605,Cx
2606,Cy
2607,Cz
2608,CA
2609,CB
2610,CC
2611,CD
2612,CE
2613,CF
2614,CG
2615,CH
2616,CI
2617,CJ
2618,CK
2619,CL
2620,CM
2621,CN
2622,CO
2623,CP
2624,CQ
2625,CR
2626,CS
2627,CT
2628,CU
2629,CV
2630,CW
2631,CX
2632,CY
2633,CZ
2634,C0
2635,C1
2636,C2
2637,C3
2638,C4
2639,C5
2640,C6
2641,C7
2642,C8
2643,C9
2644,C!
2645,C@
2646,C#
2647,C$
2648,C%
2649,C^
2650,C&
2651,C*
2652,C(
2653,C)
2654,C_
2655,C+
2656,C-
2657,C=
2658,C[
2659,C]
2660,C{
2661,C}
2662,C|
2663,C;
2664,C'
2665,C:
2666,C,
2667,C.
2668,C<
2669,C>
2670,C?
2671,Da
2672,Db
2673,Dc
2674,Dd
2675,De
2676,Df
2677,Dg
2678,Dh
2679,Di
2680,Dj
2681,Dk
2682,Dl
2683,Dm
2684,Dn
2685,Do
2686,Dp
2687,Dq
2688,Dr
2689,Ds
2690,Dt
2691,Du
2692,Dv
2693,Dw
2694,Dx
2695,Dy
2696,Dz
2697,DA
2698,DB
2699,DC
2700,DD
2701,DE
2702,DF
2703,DG
2704,DH
2705,DI
2706,DJ
2707,DK
2708,DL
2709,DM
2710,DN
2711,DO
2712,DP
2713,DQ
2714,DR
2715,DS
2716,DT
2717,DU
2718,DV
2719,DW
2720,DX
2721,DY
2722,DZ
2723,D0
2724,D1
2725,D2
2726,D3
2727,D4
2728,D5
2729,D6
2730,D7
2731,D8
2732,D9
2733,D!
2734,D@
2735,D#
2736,D$
2737,D%
2738,D^
2739,D&
2740,D*
2741,D(
2742,D)
2743,D_
2744,D+
2745,D-
2746,D=
2747,D[
2748,D]
2749,D{
2750,D}
2751,D|
2752,D;
2753,D'
2754,D:
2755,D,
2756,D.
2757,D<
2758,D>
2759,D?
2760,Ea
2761,Eb
2762,Ec
2763,Ed
2764,Ee
2765,Ef
2766,Eg
2767,Eh
2768,Ei
2769,Ej
2770,Ek
2771,El
2772,Em
2773,En
2774,Eo
2775,Ep
2776,Eq
2777,Er
2778,Es
2779,Et
2780,Eu
2781,Ev
2782,Ew
2783,Ex
2784,Ey
2785,Ez
2786,EA
2787,EB
2788,EC
2789,ED
2790,EE
2791,EF
2792,EG
2793,EH
2794,EI
2795,EJ
2796,EK
2797,EL
2798,EM
2799,EN
2800,EO
2801,EP
2802,EQ
2803,ER
2804,ES
2805,ET
2806,EU
2807,EV
2808,EW
2809,EX
2810,EY
2811,EZ
2812,E0
2813,E1
2814,E2
2815,E3
2816,E4
2817,E5
2818,E6
2819,E7
2820,E8
2821,E9
2822,E!
2823,E@
2824,E#
2825,E$
2826,E%
2827,E^
2828,E&
2829,E*
2830,E(
2831,E)
2832,E_
2833,E+
2834,E-
2835,E=
2836,E[
2837,E]
2838,E{
2839,E}
2840,E|
2841,E;
2842,E'
2843,E:
2844,E,
2845,E.
2846,E<
2847,E>
2848,E?
2849,Fa
2850,Fb
2851,Fc
2852,Fd
2853,Fe
2854,Ff
2855,Fg
2856,Fh
2857,Fi
2858,Fj
2859,Fk
2860,Fl
2861,Fm
2862,Fn
2863,Fo
2864,Fp
2865,Fq
2866,Fr
2867,Fs
2868,Ft
2869,Fu
2870,Fv
2871,Fw
2872,Fx
2873,Fy
2874,Fz
2875,FA
2876,FB
2877,FC
2878,FD
2879,FE
2880,FF
2881,FG
2882,FH
2883,FI
2884,FJ
2885,FK
2886,FL
2887,FM
2888,FN
2889,FO
2890,FP
2891,FQ
2892,FR
2893,FS
2894,FT
2895,FU
2896,FV
2897,FW
2898,FX
2899,FY
2900,FZ
2901,F0
2902,F1
2903,F2
2904,F3
2905,F4
2906,F5
2907,F6
2908,F7
2909,F8
2910,F9
2911,F!
2912,F@
2913,F#
2914,F$
2915,F%
2916,F^
2917,F&
2918,F*
2919,F(
2920,F)
2921,F_
2922,F+
2923,F-
2924,F=
2925,F[
2926,F]
2927,F{
2928,F}
2929,F|
2930,F;
2931,F'
2932,F:
2933,F,
2934,F.
2935,F<
2936,F>
2937,F?
2938,Ga
2939,Gb
2940,Gc
2941,Gd
2942,Ge
2943,Gf
2944,Gg
2945,Gh
2946,Gi
2947,Gj
2948,Gk
2949,Gl
2950,Gm
2951,Gn
2952,Go
2953,Gp
2954,Gq
2955,Gr
2956,Gs
2957,Gt
2958,Gu
2959,Gv
2960,Gw
2961,Gx
2962,Gy
2963,Gz
2964,GA
2965,GB
2966,GC
2967,GD
2968,GE
2969,GF
2970,GG
2971,GH
2972,GI
2973,GJ
2974,GK
2975,GL
2976,GM
2977,GN
2978,GO
2979,GP
2980,GQ
2981,GR
2982,GS
2983,GT
2984,GU
2985,GV
2986,GW
2987,GX
2988,GY
2989,GZ
2990,G0
2991,G1
2992,G2
2993,G3
2994,G4
2995,G5
2996,G6
2997,G7
2998,G8
2999,G9
3000,G!
3001,G@
3002,G#
3003,G$
3004,G%
3005,G^
3006,G&
3007,G*
3008,G(
3009,G)
3010,G_
3011,G+
3012,G-
3013,G=
3014,G[
3015,G]
3016,G{
3017,G}
3018,G|
3019,G;
3020,G'
3021,G:
3022,G,
3023,G.
3024,G<
3025,G>
3026,G?
3027,Ha
3028,Hb
3029,Hc
3030,Hd
3031,He
3032,Hf
3033,Hg
3034,Hh
3035,Hi
3036,Hj
3037,Hk
3038,Hl
3039,Hm
3040,Hn
3041,Ho
3042,Hp
3043,Hq
3044,Hr
3045,Hs
3046,Ht
3047,Hu
3048,Hv
3049,Hw
3050,Hx
3051,Hy
3052,Hz
3053,HA
3054,HB
3055,HC
3056,HD
3057,HE
3058,HF
3059,HG
3060,HH
3061,HI
3062,HJ
3063,HK
3064,HL
3065,HM
3066,HN
3067,HO
3068,HP
3069,HQ
3070,HR
3071,HS
3072,HT
3073,HU
3074,HV
3075,HW
3076,HX
3077,HY
3078,HZ
3079,H0
3080,H1
3081,H2
3082,H3
3083,H4
3084,H5
3085,H6
3086,H7
3087,H8
3088,H9
3089,H!
3090,H@
3091,H#
3092,H$
3093,H%
3094,H^
3095,H&
3096,H*
3097,H(
3098,H)
3099,H_
3100,H+
3101,H-
3102,H=
3103,H[
3104,H]
3105,H{
3106,H}
3107,H|
3108,H;
3109,H'
3110,H:
3111,H,
3112,H.
3113,H<
3114,H>
3115,H?
3116,Ia
3117,Ib
3118,Ic
3119,Id
3120,Ie
3121,If
3122,Ig
3123,Ih
3124,Ii
3125,Ij
3126,Ik
3127,Il
3128,Im
3129,In
3130,Io
3131,Ip
3132,Iq
3133,Ir
3134,Is
3135,It
3136,Iu
3137,Iv
3138,Iw
3139,Ix
3140,Iy
3141,Iz
3142,IA
3143,IB
3144,IC
3145,ID
3146,IE
3147,IF
3148,IG
3149,IH
3150,II
3151,IJ
3152,IK
3153,IL
3154,IM
3155,IN
3156,IO
3157,IP
3158,IQ
3159,IR
3160,IS
3161,IT
3162,IU
3163,IV
3164,IW
3165,IX
3166,IY
3167,IZ
3168,I0
3169,I1
3170,I2
3171,I3
3172,I4
3173,I5
3174,I6
3175,I7
3176,I8
3177,I9
3178,I!
3179,I@
3180,I#
3181,I$
3182,I%
3183,I^
3184,I&
3185,I*
3186,I(
3187,I)
3188,I_
3189,I+
3190,I-
3191,I=
3192,I[
3193,I]
3194,I{
3195,I}
3196,I|
3197,I;
3198,I'
3199,I:
3200,I,
3201,I.
3202,I<
3203,I>
3204,I?
3205,Ja
3206,Jb
3207,Jc
3208,Jd
3209,Je
3210,Jf
3211,Jg
3212,Jh
3213,Ji
3214,Jj
3215,Jk
3216,Jl
3217,Jm
3218,Jn
3219,Jo
3220,Jp
3221,Jq
3222,Jr
3223,Js
3224,Jt
3225,Ju
3226,Jv
3227,Jw
3228,Jx
3229,Jy
3230,Jz
3231,JA
3232,JB
3233,JC
3234,JD
3235,JE
3236,JF
3237,JG
3238,JH
3239,JI
3240,JJ
3241,JK
3242,JL
3243,JM
3244,JN
3245,JO
3246,JP
3247,JQ
3248,JR
3249,JS
3250,JT
3251,JU
3252,JV
3253,JW
3254,JX
3255,JY
3256,JZ
3257,J0
3258,J1
3259,J2
3260,J3
3261,J4
3262,J5
3263,J6
3264,J7
3265,J8
3266,J9
3267,J!
3268,J@
3269,J#
3270,J$
3271,J%
3272,J^
3273,J&
3274,J*
3275,J(
3276,J)
3277,J_
3278,J+
3279,J-
3280,J=
3281,J[
3282,J]
3283,J{
3284,J}
3285,J|
3286,J;
3287,J'
3288,J:
3289,J,
3290,J.
3291,J<
3292,J>
3293,J?
3294,Ka
3295,Kb
3296,Kc
3297,Kd
3298,Ke
3299,Kf
3300,Kg
3301,Kh
3302,Ki
3303,Kj
3304,Kk
3305,Kl
3306,Km
3307,Kn
3308,Ko
3309,Kp
3310,Kq
3311,Kr
3312,Ks
3313,Kt
3314,Ku
3315,Kv
3316,Kw
3317,Kx
3318,Ky
3319,Kz
3320,KA
3321,KB
3322,KC
3323,KD
3324,KE
3325,KF
3326,KG
3327,KH
3328,KI
3329,KJ
3330,KK
3331,KL
3332,KM
3333,KN
3334,KO
3335,KP
3336,KQ
3337,KR
3338,KS
3339,KT
3340,KU
3341,KV
3342,KW
3343,KX
3344,KY
3345,KZ
3346,K0
3347,K1
3348,K2
3349,K3
3350,K4
3351,K5
3352,K6
3353,K7
3354,K8
3355,K9
3356,K!
3357,K@
3358,K#
3359,K$
3360,K%
3361,K^
3362,K&
3363,K*
3364,K(
3365,K)
3366,K_
3367,K+
3368,K-
3369,K=
3370,K[
3371,K]
3372,K{
3373,K}
3374,K|
3375,K;
3376,K'
3377,K:
3378,K,
3379,K.
3380,K<
3381,K>
3382,K?
3383,La
3384,Lb
3385,Lc
3386,Ld
3387,Le
3388,Lf
3389,Lg
3390,Lh
3391,Li
3392,Lj
3393,Lk
3394,Ll
3395,Lm
3396,Ln
3397,Lo
3398,Lp
3399,Lq
3400,Lr
3401,Ls
3402,Lt
3403,Lu
3404,Lv
3405,Lw
3406,Lx
3407,Ly
3408,Lz
3409,LA
3410,LB
3411,LC
3412,LD
3413,LE
3414,LF
3415,LG
3416,LH
3417,LI
3418,LJ
3419,LK
3420,LL
3421,LM
3422,LN
3423,LO
3424,LP
3425,LQ
3426,LR
3427,LS
3428,LT
3429,LU
3430,LV
3431,LW
3432,LX
3433,LY
3434,LZ
3435,L0
3436,L1
3437,L2
3438,L3
3439,L4
3440,L5
3441,L6
3442,L7
3443,L8
3444,L9
3445,L!
3446,L@
3447,L#
3448,L$
3449,L%
3450,L^
3451,L&
3452,L*
3453,L(
3454,L)
3455,L_
3456,L+
3457,L-
3458,L=
3459,L[
3460,L]
3461,L{
3462,L}
3463,L|
3464,L;
3465,L'
3466,L:
3467,L,
3468,L.
3469,L<
3470,L>
3471,L?
3472,Ma
3473,Mb
3474,Mc
3475,Md
3476,Me
3477,Mf
3478,Mg
3479,Mh
3480,Mi
3481,Mj
3482,Mk
3483,Ml
3484,Mm
3485,Mn
3486,Mo
3487,Mp
3488,Mq
3489,Mr
3490,Ms
3491,Mt
3492,Mu
3493,Mv
3494,Mw
3495,Mx
3496,My
3497,Mz
3498,MA
3499,MB
3500,MC
3501,MD
3502,ME
3503,MF
3504,MG
3505,MH
3506,MI
3507,MJ
3508,MK
3509,ML
3510,MM
3511,MN
3512,MO
3513,MP
3514,MQ
3515,MR
3516,MS
3517,MT
3518,MU
3519,MV
3520,MW
3521,MX
3522,MY
3523,MZ
3524,M0
3525,M1
3526,M2
3527,M3
3528,M4
3529,M5
3530,M6
3531,M7
3532,M8
3533,M9
3534,M!
3535,M@
3536,M#
3537,M$
3538,M%
3539,M^
3540,M&
3541,M*
3542,M(
3543,M)
3544,M_
3545,M+
3546,M-
3547,M=
3548,M[
3549,M]
3550,M{
3551,M}
3552,M|
3553,M;
3554,M'
3555,M:
3556,M,
3557,M.
3558,M<
3559,M>
3560,M?
3561,Na
3562,Nb
3563,Nc
3564,Nd
3565,Ne
3566,Nf
3567,Ng
3568,Nh
3569,Ni
3570,Nj
3571,Nk
3572,Nl
3573,Nm
3574,Nn
3575,No
3576,Np
3577,Nq
3578,Nr
3579,Ns
3580,Nt
3581,Nu
3582,Nv
3583,Nw
3584,Nx
3585,Ny
3586,Nz
3587,NA
3588,NB
3589,NC
3590,ND
3591,NE
3592,NF
3593,NG
3594,NH
3595,NI
3596,NJ
3597,NK
3598,NL
3599,NM
3600,NN
3601,NO
3602,NP
3603,NQ
3604,NR
3605,NS
3606,NT
3607,NU
3608,NV
3609,NW
3610,NX
3611,NY
3612,NZ
3613,N0
3614,N1
3615,N2
3616,N3
3617,N4
3618,N5
3619,N6
3620,N7
3621,N8
3622,N9
3623,N!
3624,N@
3625,N#
3626,N$
3627,N%
3628,N^
3629,N&
3630,N*
3631,N(
3632,N)
3633,N_
3634,N+
3635,N-
3636,N=
3637,N[
3638,N]
3639,N{
3640,N}
3641,N|
3642,N;
3643,N'
3644,N:
3645,N,
3646,N.
3647,N<
3648,N>
3649,N?
3650,Oa
3651,Ob
3652,Oc
3653,Od
3654,Oe
3655,Of
3656,Og
3657,Oh
3658,Oi
3659,Oj
3660,Ok
3661,Ol
3662,Om
3663,On
3664,Oo
3665,Op
3666,Oq
3667,Or
3668,Os
3669,Ot
3670,Ou
3671,Ov
3672,Ow
3673,Ox
3674,Oy
3675,Oz
3676,OA
3677,OB
3678,OC
3679,OD
3680,OE
3681,OF
3682,OG
3683,OH
3684,OI
3685,OJ
3686,OK
3687,OL
3688,OM
3689,ON
3690,OO
3691,OP
3692,OQ
3693,OR
3694,OS
3695,OT
3696,OU
3697,OV
3698,OW
3699,OX
3700,OY
3701,OZ
3702,O0
3703,O1
3704,O2
3705,O3
3706,O4
3707,O5
3708,O6
3709,O7
3710,O8
3711,O9
3712,O!
3713,O@
3714,O#
3715,O$
3716,O%
3717,O^
3718,O&
3719,O*
3720,O(
3721,O)
3722,O_
3723,O+
3724,O-
3725,O=
3726,O[
3727,O]
3728,O{
3729,O}
3730,O|
3731,O;
3732,O'
3733,O:
3734,O,
3735,O.
3736,O<
3737,O>
3738,O?
3739,Pa
3740,Pb
3741,Pc
3742,Pd
3743,Pe
3744,Pf
3745,Pg
3746,Ph
3747,Pi
3748,Pj
3749,Pk
3750,Pl
3751,Pm
3752,Pn
3753,Po
3754,Pp
3755,Pq
3756,Pr
3757,Ps
3758,Pt
3759,Pu
3760,Pv
3761,Pw
3762,Px
3763,Py
3764,Pz
3765,PA
3766,PB
3767,PC
3768,PD
3769,PE
3770,PF
3771,PG
3772,PH
3773,PI
3774,PJ
3775,PK
3776,PL
3777,PM
3778,PN
3779,PO
3780,PP
3781,PQ
3782,PR
3783,PS
3784,PT
3785,PU
3786,PV
3787,PW
3788,PX
3789,PY
3790,PZ
3791,P0
3792,P1
3793,P2
3794,P3
3795,P4
3796,P5
3797,P6
3798,P7
3799,P8
3800,P9
3801,P!
3802,P@
3803,P#
3804,P$
3805,P%
3806,P^
3807,P&
3808,P*
3809,P(
3810,P)
3811,P_
3812,P+
3813,P-
3814,P=
3815,P[
3816,P]
3817,P{
3818,P}
3819,P|
3820,P;
3821,P'
3822,P:
3823,P,
3824,P.
3825,P<
3826,P>
3827,P?
3828,Qa
3829,Qb
3830,Qc
3831,Qd
3832,Qe
3833,Qf
3834,Qg
3835,Qh
3836,Qi
3837,Qj
3838,Qk
3839,Ql
3840,Qm
3841,Qn
3842,Qo
3843,Qp
3844,Qq
3845,Qr
3846,Qs
3847,Qt
3848,Qu
3849,Qv
3850,Qw
3851,Qx
3852,Qy
3853,Qz
3854,QA
3855,QB
3856,QC
3857,QD
3858,QE
3859,QF
3860,QG
3861,QH
3862,QI
3863,QJ
3864,QK
3865,QL
3866,QM
3867,QN
3868,QO
3869,QP
3870,QQ
3871,QR
3872,QS
3873,QT
3874,QU
3875,QV
3876,QW
3877,QX
3878,QY
3879,QZ
3880,Q0
3881,Q1
3882,Q2
3883,Q3
3884,Q4
3885,Q5
3886,Q6
3887,Q7
3888,Q8
3889,Q9
3890,Q!
3891,Q@
3892,Q#
3893,Q$
3894,Q%
3895,Q^
3896,Q&
3897,Q*
3898,Q(
3899,Q)
3900,Q_
3901,Q+
3902,Q-
3903,Q=
3904,Q[
3905,Q]
3906,Q{
3907,Q}
3908,Q|
3909,Q;
3910,Q'
3911,Q:
3912,Q,
3913,Q.
3914,Q<
3915,Q>
3916,Q?
3917,Ra
3918,Rb
3919,Rc
3920,Rd
3921,Re
3922,Rf
3923,Rg
3924,Rh
3925,Ri
3926,Rj
3927,Rk
3928,Rl
3929,Rm
3930,Rn
3931,Ro
3932,Rp
3933,Rq
3934,Rr
3935,Rs
3936,Rt
3937,Ru
3938,Rv
3939,Rw
3940,Rx
3941,Ry
3942,Rz
3943,RA
3944,RB
3945,RC
3946,RD
3947,RE
3948,RF
3949,RG
3950,RH
3951,RI
3952,RJ
3953,RK
3954,RL
3955,RM
3956,RN
3957,RO
3958,RP
3959,RQ
3960,RR
3961,RS
3962,RT
3963,RU
3964,RV
3965,RW
3966,RX
3967,RY
3968,RZ
3969,R0
3970,R1
3971,R2
3972,R3
3973,R4
3974,R5
3975,R6
3976,R7
3977,R8
3978,R9
3979,R!
3980,R@
3981,R#
3982,R$
3983,R%
3984,R^
3985,R&
3986,R*
3987,R(
3988,R)
3989,R_
3990,R+
3991,R-
3992,R=
3993,R[
3994,R]
3995,R{
3996,R}
3997,R|
3998,R;
3999,R'
4000,R:
4001,R,
4002,R.
4003,R<
4004,R>
4005,R?
4006,Sa
4007,Sb
4008,Sc
4009,Sd
4010,Se
4011,Sf
4012,Sg
4013,Sh
4014,Si
4015,Sj
4016,Sk
4017,Sl
4018,Sm
4019,Sn
4020,So
4021,Sp
4022,Sq
4023,Sr
4024,Ss
4025,St
4026,Su
4027,Sv
4028,Sw
4029,Sx
4030,Sy
4031,Sz
4032,SA
4033,SB
4034,SC
4035,SD
4036,SE
4037,SF
4038,SG
4039,SH
4040,SI
4041,SJ
4042,SK
4043,SL
4044,SM
4045,SN
4046,SO
4047,SP
4048,SQ
4049,SR
4050,SS
4051,ST
4052,SU
4053,SV
4054,SW
4055,SX
4056,SY
4057,SZ
4058,S0
4059,S1
4060,S2
4061,S3
4062,S4
4063,S5
4064,S6
4065,S7
4066,S8
4067,S9
4068,S!
4069,S@
4070,S#
4071,S$
4072,S%
4073,S^
4074,S&
4075,S*
4076,S(
4077,S)
4078,S_
4079,S+
4080,S-
4081,S=
4082,S[
4083,S]
4084,S{
4085,S}
4086,S|
4087,S;
4088,S'
4089,S:
4090,S,
4091,S.
4092,S<
4093,S>
4094,S?
4095,Ta
4096,Tb
4097,Tc
4098,Td
4099,Te
4100,Tf
4101,Tg
4102,Th
4103,Ti
4104,Tj
4105,Tk
4106,Tl
4107,Tm
4108,Tn
4109,To
4110,Tp
4111,Tq
4112,Tr
4113,Ts
4114,Tt
4115,Tu
4116,Tv
4117,Tw
4118,Tx
4119,Ty
4120,Tz
4121,TA
4122,TB
4123,TC
4124,TD
4125,TE
4126,TF
4127,TG
4128,TH
4129,TI
4130,TJ
4131,TK
4132,TL
4133,TM
4134,TN
4135,TO
4136,TP
4137,TQ
4138,TR
4139,TS
4140,TT
4141,TU
4142,TV
4143,TW
4144,TX
4145,TY
4146,TZ
4147,T0
4148,T1
4149,T2
4150,T3
4151,T4
4152,T5
4153,T6
4154,T7
4155,T8
4156,T9
4157,T!
4158,T@
4159,T#
4160,T$
4161,T%
4162,T^
4163,T&
4164,T*
4165,T(
4166,T)
4167,T_
4168,T+
4169,T-
4170,T=
4171,T[
4172,T]
4173,T{
4174,T}
4175,T|
4176,T;
4177,T'
4178,T:
4179,T,
4180,T.
4181,T<
4182,T>
4183,T?
4184,Ua
4185,Ub
4186,Uc
4187,Ud
4188,Ue
4189,Uf
4190,Ug
4191,Uh
4192,Ui
4193,Uj
4194,Uk
4195,Ul
4196,Um
4197,Un
4198,Uo
4199,Up
4200,Uq
4201,Ur
4202,Us
4203,Ut
4204,Uu
4205,Uv
4206,Uw
4207,Ux
4208,Uy
4209,Uz
4210,UA
4211,UB
4212,UC
4213,UD
4214,UE
4215,UF
4216,UG
4217,UH
4218,UI
4219,UJ
4220,UK
4221,UL
4222,UM
4223,UN
4224,UO
4225,UP
4226,UQ
4227,UR
4228,US
4229,UT
4230,UU
4231,UV
4232,UW
4233,UX
4234,UY
4235,UZ
4236,U0
4237,U1
4238,U2
4239,U3
4240,U4
4241,U5
4242,U6
4243,U7
4244,U8
4245,U9
4246,U!
4247,U@
4248,U#
4249,U$
4250,U%
4251,U^
4252,U&
4253,U*
4254,U(
4255,U)
4256,U_
4257,U+
4258,U-
4259,U=
4260,U[
4261,U]
4262,U{
4263,U}
4264,U|
4265,U;
4266,U'
4267,U:
4268,U,
4269,U.
4270,U<
4271,U>
4272,U?
4273,Va
4274,Vb
4275,Vc
4276,Vd
4277,Ve
4278,Vf
4279,Vg
4280,Vh
4281,Vi
4282,Vj
4283,Vk
4284,Vl
4285,Vm
4286,Vn
4287,Vo
4288,Vp
4289,Vq
4290,Vr
4291,Vs
4292,Vt
4293,Vu
4294,Vv
4295,Vw
4296,Vx
4297,Vy
4298,Vz
4299,VA
4300,VB
4301,VC
4302,VD
4303,VE
4304,VF
4305,VG
4306,VH
4307,VI
4308,VJ
4309,VK
4310,VL
4311,VM
4312,VN
4313,VO
4314,VP
4315,VQ
4316,VR
4317,VS
4318,VT
4319,VU
4320,VV
4321,VW
4322,VX
4323,VY
4324,VZ
4325,V0
4326,V1
4327,V2
4328,V3
4329,V4
4330,V5
4331,V6
4332,V7
4333,V8
4334,V9
4335,V!
4336,V@
4337,V#
4338,V$
4339,V%
4340,V^
4341,V&
4342,V*
4343,V(
4344,V)
4345,V_
4346,V+
4347,V-
4348,V=
4349,V[
4350,V]
4351,V{
4352,V}
4353,V|
4354,V;
4355,V'
4356,V:
4357,V,
4358,V.
4359,V<
4360,V>
4361,V?
4362,Wa
4363,Wb
4364,Wc
4365,Wd
4366,We
4367,Wf
4368,Wg
4369,Wh
4370,Wi
4371,Wj
4372,Wk
4373,Wl
4374,Wm
4375,Wn
4376,Wo
4377,Wp
4378,Wq
4379,Wr
4380,Ws
4381,Wt
4382,Wu
4383,Wv
4384,Ww
4385,Wx
4386,Wy
4387,Wz
4388,WA
4389,WB
4390,WC
4391,WD
4392,WE
4393,WF
4394,WG
4395,WH
4396,WI
4397,WJ
4398,WK
4399,WL
4400,WM
4401,WN
4402,WO
4403,WP
4404,WQ
4405,WR
4406,WS
4407,WT
4408,WU
4409,WV
4410,WW
4411,WX
4412,WY
4413,WZ
4414,W0
4415,W1
4416,W2
4417,W3
4418,W4
4419,W5
4420,W6
4421,W7
4422,W8
4423,W9
4424,W!
4425,W@
4426,W#
4427,W$
4428,W%
4429,W^
4430,W&
4431,W*
4432,W(
4433,W)
4434,W_
4435,W+
4436,W-
4437,W=
4438,W[
4439,W]
4440,W{
4441,W}
4442,W|
4443,W;
4444,W'
4445,W:
4446,W,
4447,W.
4448,W<
4449,W>
4450,W?
4451,Xa
4452,Xb
4453,Xc
4454,Xd
4455,Xe
4456,Xf
4457,Xg
4458,Xh
4459,Xi
4460,Xj
4461,Xk
4462,Xl
4463,Xm
4464,Xn
4465,Xo
4466,Xp
4467,Xq
4468,Xr
4469,Xs
4470,Xt
4471,Xu
4472,Xv
4473,Xw
4474,Xx
4475,Xy
4476,Xz
4477,XA
4478,XB
4479,XC
4480,XD
4481,XE
4482,XF
4483,XG
4484,XH
4485,XI
4486,XJ
4487,XK
4488,XL
4489,XM
4490,XN
4491,XO
4492,XP
4493,XQ
4494,XR
4495,XS
4496,XT
4497,XU
4498,XV
4499,XW
4500,XX
4501,XY
4502,XZ
4503,X0
4504,X1
4505,X2
4506,X3
4507,X4
4508,X5
4509,X6
4510,X7
4511,X8
4512,X9
4513,X!
4514,X@
4515,X#
4516,X$
4517,X%
4518,X^
4519,X&
4520,X*
4521,X(
4522,X)
4523,X_
4524,X+
4525,X-
4526,X=
4527,X[
4528,X]
4529,X{
4530,X}
4531,X|
4532,X;
4533,X'
4534,X:
4535,X,
4536,X.
4537,X<
4538,X>
4539,X?
4540,Ya
4541,Yb
4542,Yc
4543,Yd
4544,Ye
4545,Yf
4546,Yg
4547,Yh
4548,Yi
4549,Yj
4550,Yk
4551,Yl
4552,Ym
4553,Yn
4554,Yo
4555,Yp
4556,Yq
4557,Yr
4558,Ys
4559,Yt
4560,Yu
4561,Yv
4562,Yw
4563,Yx
4564,Yy
4565,Yz
4566,YA
4567,YB
4568,YC
4569,YD
4570,YE
4571,YF
4572,YG
4573,YH
4574,YI
4575,YJ
4576,YK
4577,YL
4578,YM
4579,YN
4580,YO
4581,YP
4582,YQ
4583,YR
4584,YS
4585,YT
4586,YU
4587,YV
4588,YW
4589,YX
4590,YY
4591,YZ
4592,Y0
4593,Y1
4594,Y2
4595,Y3
4596,Y4
4597,Y5
4598,Y6
4599,Y7
4600,Y8
4601,Y9
4602,Y!
4603,Y@
4604,Y#
4605,Y$
4606,Y%
4607,Y^
4608,Y&
4609,Y*
4610,Y(
4611,Y)
4612,Y_
4613,Y+
4614,Y-
4615,Y=
4616,Y[
4617,Y]
4618,Y{
4619,Y}
4620,Y|
4621,Y;
4622,Y'
4623,Y:
4624,Y,
4625,Y.
4626,Y<
4627,Y>
4628,Y?
4629,Za
4630,Zb
4631,Zc
4632,Zd
4633,Ze
4634,Zf
4635,Zg
4636,Zh
4637,Zi
4638,Zj
4639,Zk
4640,Zl
4641,Zm
4642,Zn
4643,Zo
4644,Zp
4645,Zq
4646,Zr
4647,Zs
4648,Zt
4649,Zu
4650,Zv
4651,Zw
4652,Zx
4653,Zy
4654,Zz
4655,ZA
4656,ZB
4657,ZC
4658,ZD
4659,ZE
4660,ZF
4661,ZG
4662,ZH
4663,ZI
4664,ZJ
4665,ZK
4666,ZL
4667,ZM
4668,ZN
4669,ZO
4670,ZP
4671,ZQ
4672,ZR
4673,ZS
4674,ZT
4675,ZU
4676,ZV
4677,ZW
4678,ZX
4679,ZY
4680,ZZ
4681,Z0
4682,Z1
4683,Z2
4684,Z3
4685,Z4
4686,Z5
4687,Z6
4688,Z7
4689,Z8
4690,Z9
4691,Z!
4692,Z@
4693,Z#
4694,Z$
4695,Z%
4696,Z^
4697,Z&
4698,Z*
4699,Z(
4700,Z)
4701,Z_
4702,Z+
4703,Z-
4704,Z=
4705,Z[
4706,Z]
4707,Z{
4708,Z}
4709,Z|
4710,Z;
4711,Z'
4712,Z:
4713,Z,
4714,Z.
4715,Z<
4716,Z>
4717,Z?
4718,0a
4719,0b
4720,0c
4721,0d
4722,0e
4723,0f
4724,0g
4725,0h
4726,0i
4727,0j
4728,0k
4729,0l
4730,0m
4731,0n
4732,0o
4733,0p
4734,0q
4735,0r
4736,0s
4737,0t
4738,0u
4739,0v
4740,0w
4741,0x
4742,0y
4743,0z
4744,0A
4745,0B
4746,0C
4747,0D
4748,0E
4749,0F
4750,0G
4751,0H
4752,0I
4753,0J
4754,0K
4755,0L
4756,0M
4757,0N
4758,0O
4759,0P
4760,0Q
4761,0R
4762,0S
4763,0T
4764,0U
4765,0V
4766,0W
4767,0X
4768,0Y
4769,0Z
4770,00
4771,01
4772,02
4773,03
4774,04
4775,05
4776,06
4777,07
4778,08
4779,09
4780,0!
4781,0@
4782,0#
4783,0$
4784,0%
4785,0^
4786,0&
4787,0*
4788,0(
4789,0)
4790,0_
4791,0+
4792,0-
4793,0=
4794,0[
4795,0]
4796,0{
4797,0}
4798,0|
4799,0;
4800,0'
4801,0:
4802,0,
4803,0.
4804,0<
4805,0>
4806,0?
4807,1a
4808,1b
4809,1c
4810,1d
4811,1e
4812,1f
4813,1g
4814,1h
4815,1i
4816,1j
4817,1k
4818,1l
4819,1m
4820,1n
4821,1o
4822,1p
4823,1q
4824,1r
4825,1s
4826,1t
4827,1u
4828,1v
4829,1w
4830,1x
4831,1y
4832,1z
4833,1A
4834,1B
4835,1C
4836,1D
4837,1E
4838,1F
4839,1G
4840,1H
4841,1I
4842,1J
4843,1K
4844,1L
4845,1M
4846,1N
4847,1O
4848,1P
4849,1Q
4850,1R
4851,1S
4852,1T
4853,1U
4854,1V
4855,1W
4856,1X
4857,1Y
4858,1Z
4859,10
4860,11
4861,12
4862,13
4863,14
4864,15
4865,16
4866,17
4867,18
4868,19
4869,1!
4870,1@
4871,1#
4872,1$
4873,1%
4874,1^
4875,1&
4876,1*
4877,1(
4878,1)
4879,1_
4880,1+
4881,1-
4882,1=
4883,1[
4884,1]
4885,1{
4886,1}
4887,1|
4888,1;
4889,1'
4890,1:
4891,1,
4892,1.
4893,1<
4894,1>
4895,1?
4896,2a
4897,2b
4898,2c
4899,2d
4900,2e
4901,2f
4902,2g
4903,2h
4904,2i
4905,2j
4906,2k
4907,2l
4908,2m
4909,2n
4910,2o
4911,2p
4912,2q
4913,2r
4914,2s
4915,2t
4916,2u
4917,2v
4918,2w
4919,2x
4920,2y
4921,2z
4922,2A
4923,2B
4924,2C
4925,2D
4926,2E
4927,2F
4928,2G
4929,2H
4930,2I
4931,2J
4932,2K
4933,2L
4934,2M
4935,2N
4936,2O
4937,2P
4938,2Q
4939,2R
4940,2S
4941,2T
4942,2U
4943,2V
4944,2W
4945,2X
4946,2Y
4947,2Z
4948,20
4949,21
4950,22
4951,23
4952,24
4953,25
4954,26
4955,27
4956,28
4957,29
4958,2!
4959,2@
4960,2#
4961,2$
4962,2%
4963,2^
4964,2&
4965,2*
4966,2(
4967,2)
4968,2_
4969,2+
4970,2-
4971,2=
4972,2[
4973,2]
4974,2{
4975,2}
4976,2|
4977,2;
4978,2'
4979,2:
4980,2,
4981,2.
4982,2<
4983,2>
4984,2?
4985,3a
4986,3b
4987,3c
4988,3d
4989,3e
4990,3f
4991,3g
4992,3h
4993,3i
4994,3j
4995,3k
4996,3l
4997,3m
4998,3n
4999,3o
5000,3p
5001,3q
5002,3r
5003,3s
5004,3t
5005,3u
5006,3v
5007,3w
5008,3x
5009,3y
5010,3z
5011,3A
5012,3B
5013,3C
5014,3D
5015,3E
5016,3F
5017,3G
5018,3H
5019,3I
5020,3J
5021,3K
5022,3L
5023,3M
5024,3N
5025,3O
5026,3P
5027,3Q
5028,3R
5029,3S
5030,3T
5031,3U
5032,3V
5033,3W
5034,3X
5035,3Y
5036,3Z
5037,30
5038,31
5039,32
5040,33
5041,34
5042,35
5043,36
5044,37
5045,38
5046,39
5047,3!
5048,3@
5049,3#
5050,3$
5051,3%
5052,3^
5053,3&
5054,3*
5055,3(
5056,3)
5057,3_
5058,3+
5059,3-
5060,3=
5061,3[
5062,3]
5063,3{
5064,3}
5065,3|
5066,3;
5067,3'
5068,3:
5069,3,
5070,3.
5071,3<
5072,3>
5073,3?
5074,4a
5075,4b
5076,4c
5077,4d
5078,4e
5079,4f
5080,4g
5081,4h
5082,4i
5083,4j
5084,4k
5085,4l
5086,4m
5087,4n
5088,4o
5089,4p
5090,4q
5091,4r
5092,4s
5093,4t
5094,4u
5095,4v
5096,4w
5097,4x
5098,4y
5099,4z
5100,4A
5101,4B
5102,4C
5103,4D
5104,4E
5105,4F
5106,4G
5107,4H
5108,4I
5109,4J
5110,4K
5111,4L
5112,4M
5113,4N
5114,4O
5115,4P
5116,4Q
5117,4R
5118,4S
5119,4T
5120,4U
5121,4V
5122,4W
5123,4X
5124,4Y
5125,4Z
5126,40
5127,41
5128,42
5129,43
5130,44
5131,45
5132,46
5133,47
5134,48
5135,49
5136,4!
5137,4@
5138,4#
5139,4$
5140,4%
5141,4^
5142,4&
5143,4*
5144,4(
5145,4)
5146,4_
5147,4+
5148,4-
5149,4=
5150,4[
5151,4]
5152,4{
5153,4}
5154,4|
5155,4;
5156,4'
5157,4:
5158,4,
5159,4.
5160,4<
5161,4>
5162,4?
5163,5a
5164,5b
5165,5c
5166,5d
5167,5e
5168,5f
5169,5g
5170,5h
5171,5i
5172,5j
5173,5k
5174,5l
5175,5m
5176,5n
5177,5o
5178,5p
5179,5q
5180,5r
5181,5s
5182,5t
5183,5u
5184,5v
5185,5w
5186,5x
5187,5y
5188,5z
5189,5A
5190,5B
5191,5C
5192,5D
5193,5E
5194,5F
5195,5G
5196,5H
5197,5I
5198,5J
5199,5K
5200,5L
5201,5M
5202,5N
5203,5O
5204,5P
5205,5Q
5206,5R
5207,5S
5208,5T
5209,5U
5210,5V
5211,5W
5212,5X
5213,5Y
5214,5Z
5215,50
5216,51
5217,52
5218,53
5219,54
5220,55
5221,56
5222,57
5223,58
5224,59
5225,5!
5226,5@
5227,5#
5228,5$
5229,5%
5230,5^
5231,5&
5232,5*
5233,5(
5234,5)
5235,5_
5236,5+
5237,5-
5238,5=
5239,5[
5240,5]
5241,5{
5242,5}
5243,5|
5244,5;
5245,5'
5246,5:
5247,5,
5248,5.
5249,5<
5250,5>
5251,5?
5252,6a
5253,6b
5254,6c
5255,6d
5256,6e
5257,6f
5258,6g
5259,6h
5260,6i
5261,6j
5262,6k
5263,6l
5264,6m
5265,6n
5266,6o
5267,6p
5268,6q
5269,6r
5270,6s
5271,6t
5272,6u
5273,6v
5274,6w
5275,6x
5276,6y
5277,6z
5278,6A
5279,6B
5280,6C
5281,6D
5282,6E
5283,6F
5284,6G
5285,6H
5286,6I
5287,6J
5288,6K
5289,6L
5290,6M
5291,6N
5292,6O
5293,6P
5294,6Q
5295,6R
5296,6S
5297,6T
5298,6U
5299,6V
5300,6W
5301,6X
5302,6Y
5303,6Z
5304,60
5305,61
5306,62
5307,63
5308,64
5309,65
5310,66
5311,67
5312,68
5313,69
5314,6!
5315,6@
5316,6#
5317,6$
5318,6%
5319,6^
5320,6&
5321,6*
5322,6(
5323,6)
5324,6_
5325,6+
5326,6-
5327,6=
5328,6[
5329,6]
5330,6{
5331,6}
5332,6|
5333,6;
5334,6'
5335,6:
5336,6,
5337,6.
5338,6<
5339,6>
5340,6?
5341,7a
5342,7b
5343,7c
5344,7d
5345,7e
5346,7f
5347,7g
5348,7h
5349,7i
5350,7j
5351,7k
5352,7l
5353,7m
5354,7n
5355,7o
5356,7p
5357,7q
5358,7r
5359,7s
5360,7t
5361,7u
5362,7v
5363,7w
5364,7x
5365,7y
5366,7z
5367,7A
5368,7B
5369,7C
5370,7D
5371,7E
5372,7F
5373,7G
5374,7H
5375,7I
5376,7J
5377,7K
5378,7L
5379,7M
5380,7N
5381,7O
5382,7P
5383,7Q
5384,7R
5385,7S
5386,7T
5387,7U
5388,7V
5389,7W
5390,7X
5391,7Y
5392,7Z
5393,70
5394,71
5395,72
5396,73
5397,74
5398,75
5399,76
5400,77
5401,78
5402,79
5403,7!
5404,7@
5405,7#
5406,7$
5407,7%
5408,7^
5409,7&
5410,7*
5411,7(
5412,7)
5413,7_
5414,7+
5415,7-
5416,7=
5417,7[
5418,7]
5419,7{
5420,7}
5421,7|
5422,7;
5423,7'
5424,7:
5425,7,
5426,7.
5427,7<
5428,7>
5429,7?
5430,8a
5431,8b
5432,8c
5433,8d
5434,8e
5435,8f
5436,8g
5437,8h
5438,8i
5439,8j
5440,8k
5441,8l
5442,8m
5443,8n
5444,8o
5445,8p
5446,8q
5447,8r
5448,8s
5449,8t
5450,8u
5451,8v
5452,8w
5453,8x
5454,8y
5455,8z
5456,8A
5457,8B
5458,8C
5459,8D
5460,8E
5461,8F
5462,8G
5463,8H
5464,8I
5465,8J
5466,8K
5467,8L
5468,8M
5469,8N
5470,8O
5471,8P
5472,8Q
5473,8R
5474,8S
5475,8T
5476,8U
5477,8V
5478,8W
5479,8X
5480,8Y
5481,8Z
5482,80
5483,81
5484,82
5485,83
5486,84
5487,85
5488,86
5489,87
5490,88
5491,89
5492,8!
5493,8@
5494,8#
5495,8$
5496,8%
5497,8^
5498,8&
5499,8*
5500,8(
5501,8)
5502,8_
5503,8+
5504,8-
5505,8=
5506,8[
5507,8]
5508,8{
5509,8}
5510,8|
5511,8;
5512,8'
5513,8:
5514,8,
5515,8.
5516,8<
5517,8>
5518,8?
5519,9a
5520,9b
5521,9c
5522,9d
5523,9e
5524,9f
5525,9g
5526,9h
5527,9i
5528,9j
5529,9k
5530,9l
5531,9m
5532,9n
5533,9o
5534,9p
5535,9q
5536,9r
5537,9s
5538,9t
5539,9u
5540,9v
5541,9w
5542,9x
5543,9y
5544,9z
5545,9A
5546,9B
5547,9C
5548,9D
5549,9E
5550,9F
5551,9G
5552,9H
5553,9I
5554,9J
5555,9K
5556,9L
5557,9M
5558,9N
5559,9O
5560,9P
5561,9Q
5562,9R
5563,9S
5564,9T
5565,9U
5566,9V
5567,9W
5568,9X
5569,9Y
5570,9Z
5571,90
5572,91
5573,92
5574,93
5575,94
5576,95
5577,96
5578,97
5579,98
5580,99
5581,9!
5582,9@
5583,9#
5584,9$
5585,9%
5586,9^
5587,9&
5588,9*
5589,9(
5590,9)
5591,9_
5592,9+
5593,9-
5594,9=
5595,9[
5596,9]
5597,9{
5598,9}
5599,9|
5600,9;
5601,9'
5602,9:
5603,9,
5604,9.
5605,9<
5606,9>
5607,9?
5608,!a
5609,!b
5610,!c
5611,!d
5612,!e
5613,!f
5614,!g
5615,!h
5616,!i
5617,!j
5618,!k
5619,!l
5620,!m
5621,!n
5622,!o
5623,!p
5624,!q
5625,!r
5626,!s
5627,!t
5628,!u
5629,!v
5630,!w
5631,!x
5632,!y
5633,!z
5634,!A
5635,!B
5636,!C
5637,!D
5638,!E
5639,!F
5640,!G
5641,!H
5642,!I
5643,!J
5644,!K
5645,!L
5646,!M
5647,!N
5648,!O
5649,!P
5650,!Q
5651,!R
5652,!S
5653,!T
5654,!U
5655,!V
5656,!W
5657,!X
5658,!Y
5659,!Z
5660,!0
5661,!1
5662,!2
5663,!3
5664,!4
5665,!5
5666,!6
5667,!7
5668,!8
5669,!9
5670,!!
5671,!@
5672,!#
5673,!$
5674,!%
5675,!^
5676,!&
5677,!*
5678,!(
5679,!)
5680,!_
5681,!+
5682,!-
5683,!=
5684,![
5685,!]
5686,!{
5687,!}
5688,!|
5689,!;
5690,!'
5691,!:
5692,!,
5693,!.
5694,!<
5695,!>
5696,!?
5697,@a
5698,@b
5699,@c
5700,@d
5701,@e
5702,@f
5703,@g
5704,@h
5705,@i
5706,@j
5707,@k
5708,@l
5709,@m
5710,@n
5711,@o
5712,@p
5713,@q
5714,@r
5715,@s
5716,@t
5717,@u
5718,@v
5719,@w
5720,@x
5721,@y
5722,@z
5723,@A
5724,@B
5725,@C
5726,@D
5727,@E
5728,@F
5729,@G
5730,@H
5731,@I
5732,@J
5733,@K
5734,@L
5735,@M
5736,@N
5737,@O
5738,@P
5739,@Q
5740,@R
5741,@S
5742,@T
5743,@U
5744,@V
5745,@W
5746,@X
5747,@Y
5748,@Z
5749,@0
5750,@1
5751,@2
5752,@3
5753,@4
5754,@5
5755,@6
5756,@7
5757,@8
5758,@9
5759,@!
5760,@@
5761,@#
5762,@$
5763,@%
5764,@^
5765,@&
5766,@*
5767,@(
5768,@)
5769,@_
5770,@+
5771,@-
5772,@=
5773,@[
5774,@]
5775,@{
5776,@}
5777,@|
5778,@;
5779,@'
5780,@:
5781,@,
5782,@.
5783,@<
5784,@>
5785,@?
5786,#a
5787,#b
5788,#c
5789,#d
5790,#e
5791,#f
5792,#g
5793,#h
5794,#i
5795,#j
5796,#k
5797,#l
5798,#m
5799,#n
5800,#o
5801,#p
5802,#q
5803,#r
5804,#s
5805,#t
5806,#u
5807,#v
5808,#w
5809,#x
5810,#y
5811,#z
5812,#A
5813,#B
5814,#C
5815,#D
5816,#E
5817,#F
5818,#G
5819,#H
5820,#I
5821,#J
5822,#K
5823,#L
5824,#M
5825,#N
5826,#O
5827,#P
5828,#Q
5829,#R
5830,#S
5831,#T
5832,#U
5833,#V
5834,#W
5835,#X
5836,#Y
5837,#Z
5838,#0
5839,#1
5840,#2
5841,#3
5842,#4
5843,#5
5844,#6
5845,#7
5846,#8
5847,#9
5848,#!
5849,#@
5850,##
5851,#$
5852,#%
5853,#^
5854,#&
5855,#*
5856,#(
5857,#)
5858,#_
5859,#+
5860,#-
5861,#=
5862,#[
5863,#]
5864,#{
5865,#}
5866,#|
5867,#;
5868,#'
5869,#:
5870,#,
5871,#.
5872,#<
5873,#>
5874,#?
5875,$a
5876,$b
5877,$c
5878,$d
5879,$e
5880,$f
5881,$g
5882,$h
5883,$i
5884,$j
5885,$k
5886,$l
5887,$m
5888,$n
5889,$o
5890,$p
5891,$q
5892,$r
5893,$s
5894,$t
5895,$u
5896,$v
5897,$w
5898,$x
5899,$y
5900,$z
5901,$A
5902,$B
5903,$C
5904,$D
5905,$E
5906,$F
5907,$G
5908,$H
5909,$I
5910,$J
5911,$K
5912,$L
5913,$M
5914,$N
5915,$O
5916,$P
5917,$Q
5918,$R
5919,$S
5920,$T
5921,$U
5922,$V
5923,$W
5924,$X
5925,$Y
5926,$Z
5927,$0
5928,$1
5929,$2
5930,$3
5931,$4
5932,$5
5933,$6
5934,$7
5935,$8
5936,$9
5937,$!
5938,$@
5939,$#
5940,$$
5941,$%
5942,$^
5943,$&
5944,$*
5945,$(
5946,$)
5947,$_
5948,$+
5949,$-
5950,$=
5951,$[
5952,$]
5953,${
5954,$}
5955,$|
5956,$;
5957,$'
5958,$:
5959,$,
5960,$.
5961,$<
5962,$>
5963,$?
5964,%a
5965,%b
5966,%c
5967,%d
5968,%e
5969,%f
5970,%g
5971,%h
5972,%i
5973,%j
5974,%k
5975,%l
5976,%m
5977,%n
5978,%o
5979,%p
5980,%q
5981,%r
5982,%s
5983,%t
5984,%u
5985,%v
5986,%w
5987,%x
5988,%y
5989,%z
5990,%A
5991,%B
5992,%C
5993,%D
5994,%E
5995,%F
5996,%G
5997,%H
5998,%I
5999,%J
6000,%K
6001,%L
6002,%M
6003,%N
6004,%O
6005,%P
6006,%Q
6007,%R
6008,%S
6009,%T
6010,%U
6011,%V
6012,%W
6013,%X
6014,%Y
6015,%Z
6016,%0
6017,%1
6018,%2
6019,%3
6020,%4
6021,%5
6022,%6
6023,%7
6024,%8
6025,%9
6026,%!
6027,%@
6028,%#
6029,%$
6030,%%
6031,%^
6032,%&
6033,%*
6034,%(
6035,%)
6036,%_
6037,%+
6038,%-
6039,%=
6040,%[
6041,%]
6042,%{
6043,%}
6044,%|
6045,%;
6046,%'
6047,%:
6048,%,
6049,%.
6050,%<
6051,%>
6052,%?
6053,^a
6054,^b
6055,^c
6056,^d
6057,^e
6058,^f
6059,^g
6060,^h
6061,^i
6062,^j
6063,^k
6064,^l
6065,^m
6066,^n
6067,^o
6068,^p
6069,^q
6070,^r
6071,^s
6072,^t
6073,^u
6074,^v
6075,^w
6076,^x
6077,^y
6078,^z
6079,^A
6080,^B
6081,^C
6082,^D
6083,^E
6084,^F
6085,^G
6086,^H
6087,^I
6088,^J
6089,^K
6090,^L
6091,^M
6092,^N
6093,^O
6094,^P
6095,^Q
6096,^R
6097,^S
6098,^T
6099,^U
6100,^V
6101,^W
6102,^X
6103,^Y
6104,^Z
6105,^0
6106,^1
6107,^2
6108,^3
6109,^4
6110,^5
6111,^6
6112,^7
6113,^8
6114,^9
6115,^!
6116,^@
6117,^#
6118,^$
6119,^%
6120,^^
6121,^&
6122,^*
6123,^(
6124,^)
6125,^_
6126,^+
6127,^-
6128,^=
6129,^[
6130,^]
6131,^{
6132,^}
6133,^|
6134,^;
6135,^'
6136,^:
6137,^,
6138,^.
6139,^<
6140,^>
6141,^?
6142,&a
6143,&b
6144,&c
6145,&d
6146,&e
6147,&f
6148,&g
6149,&h
6150,&i
6151,&j
6152,&k
6153,&l
6154,&m
6155,&n
6156,&o
6157,&p
6158,&q
6159,&r
6160,&s
6161,&t
6162,&u
6163,&v
6164,&w
6165,&x
6166,&y
6167,&z
6168,&A
6169,&B
6170,&C
6171,&D
6172,&E
6173,&F
6174,&G
6175,&H
6176,&I
6177,&J
6178,&K
6179,&L
6180,&M
6181,&N
6182,&O
6183,&P
6184,&Q
6185,&R
6186,&S
6187,&T
6188,&U
6189,&V
6190,&W
6191,&X
6192,&Y
6193,&Z
6194,&0
6195,&1
6196,&2
6197,&3
6198,&4
6199,&5
6200,&6
6201,&7
6202,&8
6203,&9
6204,&!
6205,&@
6206,&#
6207,&$
6208,&%
6209,&^
6210,&&
6211,&*
6212,&(
6213,&)
6214,&_
6215,&+
6216,&-
6217,&=
6218,&[
6219,&]
6220,&{
6221,&}
6222,&|
6223,&;
6224,&'
6225,&:
6226,&,
6227,&.
6228,&<
6229,&>
6230,&?
6231,*a
6232,*b
6233,*c
6234,*d
6235,*e
6236,*f
6237,*g
6238,*h
6239,*i
6240,*j
6241,*k
6242,*l
6243,*m
6244,*n
6245,*o
6246,*p
6247,*q
6248,*r
6249,*s
6250,*t
6251,*u
6252,*v
6253,*w
6254,*x
6255,*y
6256,*z
6257,*A
6258,*B
6259,*C
6260,*D
6261,*E
6262,*F
6263,*G
6264,*H
6265,*I
6266,*J
6267,*K
6268,*L
6269,*M
6270,*N
6271,*O
6272,*P
6273,*Q
6274,*R
6275,*S
6276,*T
6277,*U
6278,*V
6279,*W
6280,*X
6281,*Y
6282,*Z
6283,*0
6284,*1
6285,*2
6286,*3
6287,*4
6288,*5
6289,*6
6290,*7
6291,*8
6292,*9
6293,*!
6294,*@
6295,*#
6296,*$
6297,*%
6298,*^
6299,*&
6300,**
6301,*(
6302,*)
6303,*_
6304,*+
6305,*-
6306,*=
6307,*[
6308,*]
6309,*{
6310,*}
6311,*|
6312,*;
6313,*'
6314,*:
6315,*,
6316,*.
6317,*<
6318,*>
6319,*?
6320,(a
6321,(b
6322,(c
6323,(d
6324,(e
6325,(f
6326,(g
6327,(h
6328,(i
6329,(j
6330,(k
6331,(l
6332,(m
6333,(n
6334,(o
6335,(p
6336,(q
6337,(r
6338,(s
6339,(t
6340,(u
6341,(v
6342,(w
6343,(x
6344,(y
6345,(z
6346,(A
6347,(B
6348,(C
6349,(D
6350,(E
6351,(F
6352,(G
6353,(H
6354,(I
6355,(J
6356,(K
6357,(L
6358,(M
6359,(N
6360,(O
6361,(P
6362,(Q
6363,(R
6364,(S
6365,(T
6366,(U
6367,(V
6368,(W
6369,(X
6370,(Y
6371,(Z
6372,(0
6373,(1
6374,(2
6375,(3
6376,(4
6377,(5
6378,(6
6379,(7
6380,(8
6381,(9
6382,(!
6383,(@
6384,(#
6385,($
6386,(%
6387,(^
6388,(&
6389,(*
6390,((
6391,()
6392,(_
6393,(+
6394,(-
6395,(=
6396,([
6397,(]
6398,({
6399,(}
6400,(|
6401,(;
6402,('
6403,(:
6404,(,
6405,(.
6406,(<
6407,(>
6408,(?
6409,)a
6410,)b
6411,)c
6412,)d
6413,)e
6414,)f
6415,)g
6416,)h
6417,)i
6418,)j
6419,)k
6420,)l
6421,)m
6422,)n
6423,)o
6424,)p
6425,)q
6426,)r
6427,)s
6428,)t
6429,)u
6430,)v
6431,)w
6432,)x
6433,)y
6434,)z
6435,)A
6436,)B
6437,)C
6438,)D
6439,)E
6440,)F
6441,)G
6442,)H
6443,)I
6444,)J
6445,)K
6446,)L
6447,)M
6448,)N
6449,)O
6450,)P
6451,)Q
6452,)R
6453,)S
6454,)T
6455,)U
6456,)V
6457,)W
6458,)X
6459,)Y
6460,)Z
6461,)0
6462,)1
6463,)2
6464,)3
6465,)4
6466,)5
6467,)6
6468,)7
6469,)8
6470,)9
6471,)!
6472,)@
6473,)#
6474,)$
6475,)%
6476,)^
6477,)&
6478,)*
6479,)(
6480,))
6481,)_
6482,)+
6483,)-
6484,)=
6485,)[
6486,)]
6487,){
6488,)}
6489,)|
6490,);
6491,)'
6492,):
6493,),
6494,).
6495,)<
6496,)>
6497,)?
6498,_a
6499,_b
6500,_c
6501,_d
6502,_e
6503,_f
6504,_g
6505,_h
6506,_i
6507,_j
6508,_k
6509,_l
6510,_m
6511,_n
6512,_o
6513,_p
6514,_q
6515,_r
6516,_s
6517,_t
6518,_u
6519,_v
6520,_w
6521,_x
6522,_y
6523,_z
6524,_A
6525,_B
6526,_C
6527,_D
6528,_E
6529,_F
6530,_G
6531,_H
6532,_I
6533,_J
6534,_K
6535,_L
6536,_M
6537,_N
6538,_O
6539,_P
6540,_Q
6541,_R
6542,_S
6543,_T
6544,_U
6545,_V
6546,_W
6547,_X
6548,_Y
6549,_Z
6550,_0
6551,_1
6552,_2
6553,_3
6554,_4
6555,_5
6556,_6
6557,_7
6558,_8
6559,_9
6560,_!
6561,_@
6562,_#
6563,_$
6564,_%
6565,_^
6566,_&
6567,_*
6568,_(
6569,_)
6570,__
6571,_+
6572,_-
6573,_=
6574,_[
6575,_]
6576,_{
6577,_}
6578,_|
6579,_;
6580,_'
6581,_:
6582,_,
6583,_.
6584,_<
6585,_>
6586,_?
6587,+a
6588,+b
6589,+c
6590,+d
6591,+e
6592,+f
6593,+g
6594,+h
6595,+i
6596,+j
6597,+k
6598,+l
6599,+m
6600,+n
6601,+o
6602,+p
6603,+q
6604,+r
6605,+s
6606,+t
6607,+u
6608,+v
6609,+w
6610,+x
6611,+y
6612,+z
6613,+A
6614,+B
6615,+C
6616,+D
6617,+E
6618,+F
6619,+G
6620,+H
6621,+I
6622,+J
6623,+K
6624,+L
6625,+M
6626,+N
6627,+O
6628,+P
6629,+Q
6630,+R
6631,+S
6632,+T
6633,+U
6634,+V
6635,+W
6636,+X
6637,+Y
6638,+Z
6639,+0
6640,+1
6641,+2
6642,+3
6643,+4
6644,+5
6645,+6
6646,+7
6647,+8
6648,+9
6649,+!
6650,+@
6651,+#
6652,+$
6653,+%
6654,+^
6655,+&
6656,+*
6657,+(
6658,+)
6659,+_
6660,++
6661,+-
6662,+=
6663,+[
6664,+]
6665,+{
6666,+}
6667,+|
6668,+;
6669,+'
6670,+:
6671,+,
6672,+.
6673,+<
6674,+>
6675,+?
6676,-a
6677,-b
6678,-c
6679,-d
6680,-e
6681,-f
6682,-g
6683,-h
6684,-i
6685,-j
6686,-k
6687,-l
6688,-m
6689,-n
6690,-o
6691,-p
6692,-q
6693,-r
6694,-s
6695,-t
6696,-u
6697,-v
6698,-w
6699,-x
6700,-y
6701,-z
6702,-A
6703,-B
6704,-C
6705,-D
6706,-E
6707,-F
6708,-G
6709,-H
6710,-I
6711,-J
6712,-K
6713,-L
6714,-M
6715,-N
6716,-O
6717,-P
6718,-Q
6719,-R
6720,-S
6721,-T
6722,-U
6723,-V
6724,-W
6725,-X
6726,-Y
6727,-Z
6728,-0
6729,-1
6730,-2
6731,-3
6732,-4
6733,-5
6734,-6
6735,-7
6736,-8
6737,-9
6738,-!
6739,-@
6740,-#
6741,-$
6742,-%
6743,-^
6744,-&
6745,-*
6746,-(
6747,-)
6748,-_
6749,-+
6750,--
6751,-=
6752,-[
6753,-]
6754,-{
6755,-}
6756,-|
6757,-;
6758,-'
6759,-:
6760,-,
6761,-.
6762,-<
6763,->
6764,-?
6765,=a
6766,=b
6767,=c
6768,=d
6769,=e
6770,=f
6771,=g
6772,=h
6773,=i
6774,=j
6775,=k
6776,=l
6777,=m
6778,=n
6779,=o
6780,=p
6781,=q
6782,=r
6783,=s
6784,=t
6785,=u
6786,=v
6787,=w
6788,=x
6789,=y
6790,=z
6791,=A
6792,=B
6793,=C
6794,=D
6795,=E
6796,=F
6797,=G
6798,=H
6799,=I
6800,=J
6801,=K
6802,=L
6803,=M
6804,=N
6805,=O
6806,=P
6807,=Q
6808,=R
6809,=S
6810,=T
6811,=U
6812,=V
6813,=W
6814,=X
6815,=Y
6816,=Z
6817,=0
6818,=1
6819,=2
6820,=3
6821,=4
6822,=5
6823,=6
6824,=7
6825,=8
6826,=9
6827,=!
6828,=@
6829,=#
6830,=$
6831,=%
6832,=^
6833,=&
6834,=*
6835,=(
6836,=)
6837,=_
6838,=+
6839,=-
6840,==
6841,=[
6842,=]
6843,={
6844,=}
6845,=|
6846,=;
6847,='
6848,=:
6849,=,
6850,=.
6851,=<
6852,=>
6853,=?
6854,[a
6855,[b
6856,[c
6857,[d
6858,[e
6859,[f
6860,[g
6861,[h
6862,[i
6863,[j
6864,[k
6865,[l
6866,[m
6867,[n
6868,[o
6869,[p
6870,[q
6871,[r
6872,[s
6873,[t
6874,[u
6875,[v
6876,[w
6877,[x
6878,[y
6879,[z
6880,[A
6881,[B
6882,[C
6883,[D
6884,[E
6885,[F
6886,[G
6887,[H
6888,[I
6889,[J
6890,[K
6891,[L
6892,[M
6893,[N
6894,[O
6895,[P
6896,[Q
6897,[R
6898,[S
6899,[T
6900,[U
6901,[V
6902,[W
6903,[X
6904,[Y
6905,[Z
6906,[0
6907,[1
6908,[2
6909,[3
6910,[4
6911,[5
6912,[6
6913,[7
6914,[8
6915,[9
6916,[!
6917,[@
6918,[#
6919,[$
6920,[%
6921,[^
6922,[&
6923,[*
6924,[(
6925,[)
6926,[_
6927,[+
6928,[-
6929,[=
6930,[[
6931,[]
6932,[{
6933,[}
6934,[|
6935,[;
6936,['
6937,[:
6938,[,
6939,[.
6940,[<
6941,[>
6942,[?
6943,]a
6944,]b
6945,]c
6946,]d
6947,]e
6948,]f
6949,]g
6950,]h
6951,]i
6952,]j
6953,]k
6954,]l
6955,]m
6956,]n
6957,]o
6958,]p
6959,]q
6960,]r
6961,]s
6962,]t
6963,]u
6964,]v
6965,]w
6966,]x
6967,]y
6968,]z
6969,]A
6970,]B
6971,]C
6972,]D
6973,]E
6974,]F
6975,]G
6976,]H
6977,]I
6978,]J
6979,]K
6980,]L
6981,]M
6982,]N
6983,]O
6984,]P
6985,]Q
6986,]R
6987,]S
6988,]T
6989,]U
6990,]V
6991,]W
6992,]X
6993,]Y
6994,]Z
6995,]0
6996,]1
6997,]2
6998,]3
6999,]4
7000,]5
7001,]6
7002,]7
7003,]8
7004,]9
7005,]!
7006,]@
7007,]#
7008,]$
7009,]%
7010,]^
7011,]&
7012,]*
7013,](
7014,])
7015,]_
7016,]+
7017,]-
7018,]=
7019,][
7020,]]
7021,]{
7022,]}
7023,]|
7024,];
7025,]'
7026,]:
7027,],
7028,].
7029,]<
7030,]>
7031,]?
7032,{a
7033,{b
7034,{c
7035,{d
7036,{e
7037,{f
7038,{g
7039,{h
7040,{i
7041,{j
7042,{k
7043,{l
7044,{m
7045,{n
7046,{o
7047,{p
7048,{q
7049,{r
7050,{s
7051,{t
7052,{u
7053,{v
7054,{w
7055,{x
7056,{y
7057,{z
7058,{A
7059,{B
7060,{C
7061,{D
7062,{E
7063,{F
7064,{G
7065,{H
7066,{I
7067,{J
7068,{K
7069,{L
7070,{M
7071,{N
7072,{O
7073,{P
7074,{Q
7075,{R
7076,{S
7077,{T
7078,{U
7079,{V
7080,{W
7081,{X
7082,{Y
7083,{Z
7084,{0
7085,{1
7086,{2
7087,{3
7088,{4
7089,{5
7090,{6
7091,{7
7092,{8
7093,{9
7094,{!
7095,{@
7096,{#
7097,{$
7098,{%
7099,{^
7100,{&
7101,{*
7102,{(
7103,{)
7104,{_
7105,{+
7106,{-
7107,{=
7108,{[
7109,{]
7110,{{
7111,{}
7112,{|
7113,{;
7114,{'
7115,{:
7116,{,
7117,{.
7118,{<
7119,{>
7120,{?
7121,}a
7122,}b
7123,}c
7124,}d
7125,}e
7126,}f
7127,}g
7128,}h
7129,}i
7130,}j
7131,}k
7132,}l
7133,}m
7134,}n
7135,}o
7136,}p
7137,}q
7138,}r
7139,}s
7140,}t
7141,}u
7142,}v
7143,}w
7144,}x
7145,}y
7146,}z
7147,}A
7148,}B
7149,}C
7150,}D
7151,}E
7152,}F
7153,}G
7154,}H
7155,}I
7156,}J
7157,}K
7158,}L
7159,}M
7160,}N
7161,}O
7162,}P
7163,}Q
7164,}R
7165,}S
7166,}T
7167,}U
7168,}V
7169,}W
7170,}X
7171,}Y
7172,}Z
7173,}0
7174,}1
7175,}2
7176,}3
7177,}4
7178,}5
7179,}6
7180,}7
7181,}8
7182,}9
7183,}!
7184,}@
7185,}#
7186,}$
7187,}%
7188,}^
7189,}&
7190,}*
7191,}(
7192,})
7193,}_
7194,}+
7195,}-
7196,}=
7197,}[
7198,}]
7199,}{
7200,}}
7201,}|
7202,};
7203,}'
7204,}:
7205,},
7206,}.
7207,}<
7208,}>
7209,}?
7210,|a
7211,|b
7212,|c
7213,|d
7214,|e
7215,|f
7216,|g
7217,|h
7218,|i
7219,|j
7220,|k
7221,|l
7222,|m
7223,|n
7224,|o
7225,|p
7226,|q
7227,|r
7228,|s
7229,|t
7230,|u
7231,|v
7232,|w
7233,|x
7234,|y
7235,|z
7236,|A
7237,|B
7238,|C
7239,|D
7240,|E
7241,|F
7242,|G
7243,|H
7244,|I
7245,|J
7246,|K
7247,|L
7248,|M
7249,|N
7250,|O
7251,|P
7252,|Q
7253,|R
7254,|S
7255,|T
7256,|U
7257,|V
7258,|W
7259,|X
7260,|Y
7261,|Z
7262,|0
7263,|1
7264,|2
7265,|3
7266,|4
7267,|5
7268,|6
7269,|7
7270,|8
7271,|9
7272,|!
7273,|@
7274,|#
7275,|$
7276,|%
7277,|^
7278,|&
7279,|*
7280,|(
7281,|)
7282,|_
7283,|+
7284,|-
7285,|=
7286,|[
7287,|]
7288,|{
7289,|}
7290,||
7291,|;
7292,|'
7293,|:
7294,|,
7295,|.
7296,|<
7297,|>
7298,|?
7299,;a
7300,;b
7301,;c
7302,;d
7303,;e
7304,;f
7305,;g
7306,;h
7307,;i
7308,;j
7309,;k
7310,;l
7311,;m
7312,;n
7313,;o
7314,;p
7315,;q
7316,;r
7317,;s
7318,;t
7319,;u
7320,;v
7321,;w
7322,;x
7323,;y
7324,;z
7325,;A
7326,;B
7327,;C
7328,;D
7329,;E
7330,;F
7331,;G
7332,;H
7333,;I
7334,;J
7335,;K
7336,;L
7337,;M
7338,;N
7339,;O
7340,;P
7341,;Q
7342,;R
7343,;S
7344,;T
7345,;U
7346,;V
7347,;W
7348,;X
7349,;Y
7350,;Z
7351,;0
7352,;1
7353,;2
7354,;3
7355,;4
7356,;5
7357,;6
7358,;7
7359,;8
7360,;9
7361,;!
7362,;@
7363,;#
7364,;$
7365,;%
7366,;^
7367,;&
7368,;*
7369,;(
7370,;)
7371,;_
7372,;+
7373,;-
7374,;=
7375,;[
7376,;]
7377,;{
7378,;}
7379,;|
7380,;;
7381,;'
7382,;:
7383,;,
7384,;.
7385,;<
7386,;>
7387,;?
7388,'a
7389,'b
7390,'c
7391,'d
7392,'e
7393,'f
7394,'g
7395,'h
7396,'i
7397,'j
7398,'k
7399,'l
7400,'m
7401,'n
7402,'o
7403,'p
7404,'q
7405,'r
7406,'s
7407,'t
7408,'u
7409,'v
7410,'w
7411,'x
7412,'y
7413,'z
7414,'A
7415,'B
7416,'C
7417,'D
7418,'E
7419,'F
7420,'G
7421,'H
7422,'I
7423,'J
7424,'K
7425,'L
7426,'M
7427,'N
7428,'O
7429,'P
7430,'Q
7431,'R
7432,'S
7433,'T
7434,'U
7435,'V
7436,'W
7437,'X
7438,'Y
7439,'Z
7440,'0
7441,'1
7442,'2
7443,'3
7444,'4
7445,'5
7446,'6
7447,'7
7448,'8
7449,'9
7450,'!
7451,'@
7452,'#
7453,'$
7454,'%
7455,'^
7456,'&
7457,'*
7458,'(
7459,')
7460,'_
7461,'+
7462,'-
7463,'=
7464,'[
7465,']
7466,'{
7467,'}
7468,'|
7469,';
7470,''
7471,':
7472,',
7473,'.
7474,'<
7475,'>
7476,'?
7477,:a
7478,:b
7479,:c
7480,:d
7481,:e
7482,:f
7483,:g
7484,:h
7485,:i
7486,:j
7487,:k
7488,:l
7489,:m
7490,:n
7491,:o
7492,:p
7493,:q
7494,:r
7495,:s
7496,:t
7497,:u
7498,:v
7499,:w
7500,:x
7501,:y
7502,:z
7503,:A
7504,:B
7505,:C
7506,:D
7507,:E
7508,:F
7509,:G
7510,:H
7511,:I
7512,:J
7513,:K
7514,:L
7515,:M
7516,:N
7517,:O
7518,:P
7519,:Q
7520,:R
7521,:S
7522,:T
7523,:U
7524,:V
7525,:W
7526,:X
7527,:Y
7528,:Z
7529,:0
7530,:1
7531,:2
7532,:3
7533,:4
7534,:5
7535,:6
7536,:7
7537,:8
7538,:9
7539,:!
7540,:@
7541,:#
7542,:$
7543,:%
7544,:^
7545,:&
7546,:*
7547,:(
7548,:)
7549,:_
7550,:+
7551,:-
7552,:=
7553,:[
7554,:]
7555,:{
7556,:}
7557,:|
7558,:;
7559,:'
7560,::
7561,:,
7562,:.
7563,:<
7564,:>
7565,:?
7566,,a
7567,,b
7568,,c
7569,,d
7570,,e
7571,,f
7572,,g
7573,,h
7574,,i
7575,,j
7576,,k
7577,,l
7578,,m
7579,,n
7580,,o
7581,,p
7582,,q
7583,,r
7584,,s
7585,,t
7586,,u
7587,,v
7588,,w
7589,,x
7590,,y
7591,,z
7592,,A
7593,,B
7594,,C
7595,,D
7596,,E
7597,,F
7598,,G
7599,,H
7600,,I
7601,,J
7602,,K
7603,,L
7604,,M
7605,,N
7606,,O
7607,,P
7608,,Q
7609,,R
7610,,S
7611,,T
7612,,U
7613,,V
7614,,W
7615,,X
7616,,Y
7617,,Z
7618,,0
7619,,1
7620,,2
7621,,3
7622,,4
7623,,5
7624,,6
7625,,7
7626,,8
7627,,9
7628,,!
7629,,@
7630,,#
7631,,$
7632,,%
7633,,^
7634,,&
7635,,*
7636,,(
7637,,)
7638,,_
7639,,+
7640,,-
7641,,=
7642,,[
7643,,]
7644,,{
7645,,}
7646,,|
7647,,;
7648,,'
7649,,:
7650,,,
7651,,.
7652,,<
7653,,>
7654,,?
7655,.a
7656,.b
7657,.c
7658,.d
7659,.e
7660,.f
7661,.g
7662,.h
7663,.i
7664,.j
7665,.k
7666,.l
7667,.m
7668,.n
7669,.o
7670,.p
7671,.q
7672,.r
7673,.s
7674,.t
7675,.u
7676,.v
7677,.w
7678,.x
7679,.y
7680,.z
7681,.A
7682,.B
7683,.C
7684,.D
7685,.E
7686,.F
7687,.G
7688,.H
7689,.I
7690,.J
7691,.K
7692,.L
7693,.M
7694,.N
7695,.O
7696,.P
7697,.Q
7698,.R
7699,.S
7700,.T
7701,.U
7702,.V
7703,.W
7704,.X
7705,.Y
7706,.Z
7707,.0
7708,.1
7709,.2
7710,.3
7711,.4
7712,.5
7713,.6
7714,.7
7715,.8
7716,.9
7717,.!
7718,.@
7719,.#
7720,.$
7721,.%
7722,.^
7723,.&
7724,.*
7725,.(
7726,.)
7727,._
7728,.+
7729,.-
7730,.=
7731,.[
7732,.]
7733,.{
7734,.}
7735,.|
7736,.;
7737,.'
7738,.:
7739,.,
7740,..
7741,.<
7742,.>
7743,.?
7744,<a
7745,<b
7746,<c
7747,<d
7748,<e
7749,<f
7750,<g
7751,<h
7752,<i
7753,<j
7754,<k
7755,<l
7756,<m
7757,<n
7758,<o
7759,<p
7760,<q
7761,<r
7762,<s
7763,<t
7764,<u
7765,<v
7766,<w
7767,<x
7768,<y
7769,<z
7770,<A
7771,<B
7772,<C
7773,<D
7774,<E
7775,<F
7776,<G
7777,<H
7778,<I
7779,<J
7780,<K
7781,<L
7782,<M
7783,<N
7784,<O
7785,<P
7786,<Q
7787,<R
7788,<S
7789,<T
7790,<U
7791,<V
7792,<W
7793,<X
7794,<Y
7795,<Z
7796,<0
7797,<1
7798,<2
7799,<3
7800,<4
7801,<5
7802,<6
7803,<7
7804,<8
7805,<9
7806,<!
7807,<@
7808,<#
7809,<$
7810,<%
7811,<^
7812,<&
7813,<*
7814,<(
7815,<)
7816,<_
7817,<+
7818,<-
7819,<=
7820,<[
7821,<]
7822,<{
7823,<}
7824,<|
7825,<;
7826,<'
7827,<:
7828,<,
7829,<.
7830,<<
7831,<>
7832,<?
7833,>a
7834,>b
7835,>c
7836,>d
7837,>e
7838,>f
7839,>g
7840,>h
7841,>i
7842,>j
7843,>k
7844,>l
7845,>m
7846,>n
7847,>o
7848,>p
7849,>q
7850,>r
7851,>s
7852,>t
7853,>u
7854,>v
7855,>w
7856,>x
7857,>y
7858,>z
7859,>A
7860,>B
7861,>C
7862,>D
7863,>E
7864,>F
7865,>G
7866,>H
7867,>I
7868,>J
7869,>K
7870,>L
7871,>M
7872,>N
7873,>O
7874,>P
7875,>Q
7876,>R
7877,>S
7878,>T
7879,>U
7880,>V
7881,>W
7882,>X
7883,>Y
7884,>Z
7885,>0
7886,>1
7887,>2
7888,>3
7889,>4
7890,>5
7891,>6
7892,>7
7893,>8
7894,>9
7895,>!
7896,>@
7897,>#
7898,>$
7899,>%
7900,>^
7901,>&
7902,>*
7903,>(
7904,>)
7905,>_
7906,>+
7907,>-
7908,>=
7909,>[
7910,>]
7911,>{
7912,>}
7913,>|
7914,>;
7915,>'
7916,>:
7917,>,
7918,>.
7919,><
7920,>>
7921,>?
7922,?a
7923,?b
7924,?c
7925,?d
7926,?e
7927,?f
7928,?g
7929,?h
7930,?i
7931,?j
7932,?k
7933,?l
7934,?m
7935,?n
7936,?o
7937,?p
7938,?q
7939,?r
7940,?s
7941,?t
7942,?u
7943,?v
7944,?w
7945,?x
7946,?y
7947,?z
7948,?A
7949,?B
7950,?C
7951,?D
7952,?E
7953,?F
7954,?G
7955,?H
7956,?I
7957,?J
7958,?K
7959,?L
7960,?M
7961,?N
7962,?O
7963,?P
7964,?Q
7965,?R
7966,?S
7967,?T
7968,?U
7969,?V
7970,?W
7971,?X
7972,?Y
7973,?Z
7974,?0
7975,?1
7976,?2
7977,?3
7978,?4
7979,?5
7980,?6
7981,?7
7982,?8
7983,?9
7984,?!
7985,?@
7986,?#
7987,?$
7988,?%
7989,?^
7990,?&
7991,?*
7992,?(
7993,?)
7994,?_
7995,?+
7996,?-
7997,?=
7998,?[
7999,?]
8000,?{
8001,?}
8002,?|
8003,?;
8004,?'
8005,?:
8006,?,
8007,?.
8008,?<
8009,?>
8010,??
8011,aaa
8012,aab
8013,aac
8014,aad
8015,aae
8016,aaf
8017,aag
8018,aah
8019,aai
8020,aaj
8021,aak
8022,aal
8023,aam
8024,aan
8025,aao
8026,aap
8027,aaq
8028,aar
8029,aas
8030,aat
8031,aau
8032,aav
8033,aaw
8034,aax
8035,aay
8036,aaz
8037,aaA
8038,aaB
8039,aaC
8040,aaD
8041,aaE
8042,aaF
8043,aaG
8044,aaH
8045,aaI
8046,aaJ
8047,aaK
8048,aaL
8049,aaM
8050,aaN
8051,aaO
8052,aaP
8053,aaQ
8054,aaR
8055,aaS
8056,aaT
8057,aaU
8058,aaV
8059,aaW
8060,aaX
8061,aaY
8062,aaZ
8063,aa0
8064,aa1
8065,aa2
8066,aa3
8067,aa4
8068,aa5
8069,aa6
8070,aa7
8071,aa8
8072,aa9
8073,aa!
8074,aa@
8075,aa#
8076,aa$
8077,aa%
8078,aa^
8079,aa&
8080,aa*
8081,aa(
8082,aa)
8083,aa_
8084,aa+
8085,aa-
8086,aa=
8087,aa[
8088,aa]
8089,aa{
8090,aa}
8091,aa|
8092,aa;
8093,aa'
8094,aa:
8095,aa,
8096,aa.
8097,aa<
8098,aa>
8099,aa?
8100,aba
8101,abb
8102,abc
